instance_name,timeout,num_chunks,gate_out,depth_out,num_swaps,seed,seed_is
miller_11,10,1,59,37,9,2,0
miller_11,10,1,61,37,11,3,0
miller_11,10,1,61,37,11,4,0
miller_11,10,1,59,37,9,5,0
miller_11,10,1,61,37,11,1,0
miller_11,10,1,60,37,10,10,0
miller_11,10,1,61,37,11,6,0
miller_11,10,1,61,37,11,7,0
miller_11,10,1,60,37,10,8,0
miller_11,10,1,60,37,10,9,0
miller_11,10,1,60,37,10,11,0
miller_11,10,1,61,37,11,12,0
miller_11,10,1,59,37,9,13,0
miller_11,10,1,59,37,9,14,0
miller_11,10,1,61,37,11,15,0
4gt13_91,10,1,122,66,19,2,0
4gt13_91,10,1,122,66,19,1,0
4gt13_91,10,1,122,66,19,3,0
4gt13_91,10,1,122,66,19,5,0
4gt13_91,10,1,122,66,19,6,0
4gt13_91,10,1,125,67,22,4,0
4gt13_91,10,1,122,66,19,12,0
4gt13_91,10,1,125,67,22,11,0
4gt13_91,10,1,122,66,19,14,0
4gt13_91,10,1,122,66,19,7,0
4gt13_91,10,1,122,66,19,8,0
4gt13_91,10,1,122,66,19,9,0
4gt13_91,10,1,122,66,19,10,0
4gt13_91,10,1,122,66,19,15,0
4gt13_91,10,1,122,66,19,13,0
4gt13_91,10,2,122,66,19,2,0
4gt13_91,10,2,122,66,19,1,0
4gt13_91,10,2,122,66,19,3,0
4gt13_91,10,2,122,66,19,4,0
4gt13_91,10,2,122,66,19,5,0
4gt13_91,10,2,122,66,19,6,0
4gt13_91,10,2,122,66,19,7,0
4gt13_91,10,2,122,66,19,10,0
4gt13_91,10,2,122,66,19,12,0
4gt13_91,10,2,122,66,19,8,0
4gt13_91,10,2,122,66,19,9,0
4gt13_91,10,2,122,66,19,11,0
4gt13_91,10,2,122,66,19,13,0
4gt13_91,10,2,122,66,19,14,0
4gt13_91,10,2,122,66,19,15,0
0410184_169,10,1,246,114,35,6,0
0410184_169,10,1,247,115,36,2,0
0410184_169,10,1,263,113,52,1,0
0410184_169,10,1,245,112,34,3,0
0410184_169,10,1,250,114,39,4,0
0410184_169,10,1,271,113,60,5,0
0410184_169,10,1,245,114,34,10,0
0410184_169,10,1,267,115,56,12,0
0410184_169,10,1,247,113,36,14,0
0410184_169,10,1,261,113,50,7,0
0410184_169,10,1,266,113,55,8,0
0410184_169,10,1,266,114,55,9,0
0410184_169,10,1,268,114,57,11,0
0410184_169,10,1,255,115,44,13,0
0410184_169,10,1,255,114,44,15,0
0410184_169,10,2,271,113,60,1,0
0410184_169,10,2,265,111,54,2,0
0410184_169,10,2,272,112,61,3,0
0410184_169,10,2,248,113,37,8,0
0410184_169,10,2,272,112,61,10,0
0410184_169,10,2,258,114,47,9,0
0410184_169,10,2,267,113,56,4,0
0410184_169,10,2,276,114,65,6,0
0410184_169,10,2,273,114,62,5,0
0410184_169,10,2,256,114,45,12,0
0410184_169,10,2,262,112,51,7,0
0410184_169,10,2,249,113,38,14,0
0410184_169,10,2,273,112,62,11,0
0410184_169,10,2,272,112,61,13,0
0410184_169,10,2,271,112,60,15,0
ex3_229,10,1,441,240,38,1,0
ex3_229,10,1,459,242,56,3,0
ex3_229,10,1,437,240,34,2,0
ex3_229,10,1,439,238,36,6,0
ex3_229,10,1,443,240,40,4,0
ex3_229,10,1,450,240,47,5,0
ex3_229,10,1,435,240,32,12,0
ex3_229,10,1,454,237,51,7,0
ex3_229,10,1,449,241,46,8,0
ex3_229,10,1,441,238,38,9,0
ex3_229,10,1,443,240,40,10,0
ex3_229,10,1,438,240,35,11,0
ex3_229,10,1,463,243,60,13,0
ex3_229,10,1,451,240,48,14,0
ex3_229,10,1,442,242,39,15,0
ex3_229,10,2,453,238,50,2,0
ex3_229,10,2,451,237,48,4,0
ex3_229,10,2,455,237,52,5,0
ex3_229,10,2,458,237,55,6,0
ex3_229,10,2,458,236,55,7,0
ex3_229,10,2,455,238,52,10,0
ex3_229,10,2,454,237,51,1,0
ex3_229,10,2,451,237,48,12,0
ex3_229,10,2,454,240,51,13,0
ex3_229,10,2,453,237,50,3,0
ex3_229,10,2,457,239,54,14,0
ex3_229,10,2,451,238,48,8,0
ex3_229,10,2,458,237,55,9,0
ex3_229,10,2,453,237,50,11,0
ex3_229,10,2,453,238,50,15,0
sf_276,10,8,880,456,102,3,0
sf_276,10,8,880,461,102,2,0
sf_276,10,8,905,466,127,1,0
sf_276,10,8,893,462,115,5,0
sf_276,10,8,890,462,112,7,0
sf_276,10,8,888,460,110,11,0
sf_276,10,8,875,460,97,4,0
sf_276,10,8,888,461,110,6,0
sf_276,10,8,888,459,110,8,0
sf_276,10,8,875,457,97,9,0
sf_276,10,8,889,462,111,10,0
sf_276,10,8,873,459,95,12,0
sf_276,10,8,891,461,113,13,0
sf_276,10,8,890,461,112,14,0
sf_276,10,8,892,461,114,15,0
sf_276,10,9,898,471,120,1,0
sf_276,10,9,895,469,117,4,0
sf_276,10,9,897,471,119,5,0
sf_276,10,9,895,469,117,8,0
sf_276,10,9,896,470,118,9,0
sf_276,10,9,893,469,115,12,0
sf_276,10,9,896,469,118,2,0
sf_276,10,9,891,467,113,3,0
sf_276,10,9,891,467,113,15,0
sf_276,10,9,897,469,119,6,0
sf_276,10,9,899,471,121,7,0
sf_276,10,9,895,469,117,10,0
sf_276,10,9,895,467,117,11,0
sf_276,10,9,901,471,123,13,0
sf_276,10,9,896,469,118,14,0
sf_276,10,10,873,460,95,2,0
sf_276,10,10,875,460,97,1,0
sf_276,10,10,875,460,97,4,0
sf_276,10,10,883,461,105,5,0
sf_276,10,10,873,460,95,6,0
sf_276,10,10,882,461,104,8,0
sf_276,10,10,877,461,99,10,0
sf_276,10,10,877,460,99,13,0
sf_276,10,10,885,461,107,3,0
sf_276,10,10,877,461,99,7,0
sf_276,10,10,884,461,106,9,0
sf_276,10,10,873,460,95,11,0
sf_276,10,10,873,460,95,12,0
sf_276,10,10,877,461,99,14,0
sf_276,10,10,877,461,99,15,0
sf_276,10,11,845,452,67,3,0
sf_276,10,11,895,463,117,2,0
sf_276,10,11,897,468,119,4,0
sf_276,10,11,841,449,63,5,0
sf_276,10,11,890,470,112,9,0
sf_276,10,11,887,471,109,11,0
sf_276,10,11,894,472,116,12,0
sf_276,10,11,881,459,103,1,0
sf_276,10,11,917,478,139,6,0
sf_276,10,11,887,471,109,7,0
sf_276,10,11,907,474,129,8,0
sf_276,10,11,906,479,128,10,0
sf_276,10,11,905,480,127,13,0
sf_276,10,11,909,471,131,14,0
sf_276,10,11,904,479,126,15,0
sf_276,10,12,869,456,91,2,0
sf_276,10,12,888,460,110,1,0
sf_276,10,12,890,465,112,3,0
sf_276,10,12,881,456,103,6,0
sf_276,10,12,896,470,118,7,0
sf_276,10,12,908,469,130,4,0
sf_276,10,12,899,470,121,15,0
sf_276,10,12,885,460,107,5,0
sf_276,10,12,906,471,128,8,0
sf_276,10,12,879,456,101,14,0
sf_276,10,12,901,470,123,9,0
sf_276,10,12,885,463,107,10,0
sf_276,10,12,875,456,97,11,0
sf_276,10,12,905,470,127,12,0
sf_276,10,12,885,458,107,13,0
rd53_131,10,2,538,271,69,1,0
rd53_131,10,2,536,272,67,3,0
rd53_131,10,2,536,272,67,4,0
rd53_131,10,2,543,273,74,5,0
rd53_131,10,2,542,272,73,6,0
rd53_131,10,2,540,272,71,2,0
rd53_131,10,2,542,272,73,13,0
rd53_131,10,2,534,272,65,14,0
rd53_131,10,2,542,271,73,15,0
rd53_131,10,2,534,277,65,7,0
rd53_131,10,2,542,272,73,8,0
rd53_131,10,2,538,272,69,9,0
rd53_131,10,2,541,273,72,10,0
rd53_131,10,2,544,272,75,11,0
rd53_131,10,2,540,272,71,12,0
rd53_131,10,3,542,272,73,3,0
rd53_131,10,3,542,272,73,2,0
rd53_131,10,3,542,271,73,7,0
rd53_131,10,3,542,272,73,8,0
rd53_131,10,3,540,272,71,1,0
rd53_131,10,3,540,272,71,14,0
rd53_131,10,3,543,271,74,4,0
rd53_131,10,3,540,272,71,15,0
rd53_131,10,3,540,272,71,5,0
rd53_131,10,3,540,272,71,6,0
rd53_131,10,3,540,271,71,9,0
rd53_131,10,3,544,272,75,10,0
rd53_131,10,3,540,271,71,11,0
rd53_131,10,3,542,272,73,12,0
rd53_131,10,3,540,272,71,13,0
rd53_251,10,4,1437,762,146,2,0
rd53_251,10,4,1452,769,161,1,0
rd53_251,10,4,1476,768,185,3,0
rd53_251,10,4,1426,756,135,5,0
rd53_251,10,4,1429,752,138,6,0
rd53_251,10,4,1438,764,147,8,0
rd53_251,10,4,1425,758,134,14,0
rd53_251,10,4,1419,754,128,4,0
rd53_251,10,4,1446,763,155,7,0
rd53_251,10,4,1430,758,139,9,0
rd53_251,10,4,1430,751,139,10,0
rd53_251,10,4,1433,759,142,11,0
rd53_251,10,4,1402,755,111,12,0
rd53_251,10,4,1425,763,134,13,0
rd53_251,10,4,1420,749,129,15,0
rd53_251,10,5,1467,766,176,4,0
rd53_251,10,5,1434,763,143,6,0
rd53_251,10,5,1449,759,158,9,0
rd53_251,10,5,1435,757,144,8,0
rd53_251,10,5,1437,760,146,2,0
rd53_251,10,5,1434,755,143,1,0
rd53_251,10,5,1479,773,188,3,0
rd53_251,10,5,1442,766,151,5,0
rd53_251,10,5,1426,755,135,7,0
rd53_251,10,5,1434,756,143,10,0
rd53_251,10,5,1416,744,125,12,0
rd53_251,10,5,1466,773,175,11,0
rd53_251,10,5,1458,760,167,13,0
rd53_251,10,5,1430,759,139,14,0
rd53_251,10,5,1429,761,138,15,0
rd53_251,10,6,1428,748,137,3,0
rd53_251,10,6,1426,750,135,5,0
rd53_251,10,6,1412,746,121,9,0
rd53_251,10,6,1452,765,161,10,0
rd53_251,10,6,1424,746,133,11,0
rd53_251,10,6,1424,746,133,12,0
rd53_251,10,6,1403,752,112,13,0
rd53_251,10,6,1420,745,129,1,0
rd53_251,10,6,1420,747,129,2,0
rd53_251,10,6,1426,751,135,4,0
rd53_251,10,6,1411,746,120,6,0
rd53_251,10,6,1426,749,135,7,0
rd53_251,10,6,1422,745,131,8,0
rd53_251,10,6,1410,752,119,14,0
rd53_251,10,6,1431,748,140,15,0
sqrt8_260,10,16,3459,1766,450,3,0
sqrt8_260,10,16,3491,1773,482,1,0
sqrt8_260,10,16,3435,1738,426,5,0
sqrt8_260,10,16,3460,1777,451,7,0
sqrt8_260,10,16,3518,1766,509,2,0
sqrt8_260,10,16,3515,1762,506,10,0
sqrt8_260,10,16,3497,1773,488,12,0
sqrt8_260,10,16,3533,1762,524,14,0
sqrt8_260,10,16,3517,1781,508,13,0
sqrt8_260,10,16,3584,1761,575,4,0
sqrt8_260,10,16,3490,1768,481,15,0
sqrt8_260,10,16,3453,1753,444,6,0
sqrt8_260,10,16,3454,1746,445,8,0
sqrt8_260,10,16,3397,1755,388,9,0
sqrt8_260,10,16,3469,1776,460,11,0
sqrt8_260,10,17,3443,1752,434,1,0
sqrt8_260,10,17,3509,1761,500,2,0
sqrt8_260,10,17,3423,1750,414,3,0
sqrt8_260,10,17,3515,1771,506,4,0
sqrt8_260,10,17,3480,1768,471,5,0
sqrt8_260,10,17,3506,1764,497,8,0
sqrt8_260,10,17,3530,1771,521,9,0
sqrt8_260,10,17,3508,1777,499,13,0
sqrt8_260,10,17,3480,1777,471,12,0
sqrt8_260,10,17,3462,1756,453,10,0
sqrt8_260,10,17,3453,1763,444,15,0
sqrt8_260,10,17,3463,1760,454,7,0
sqrt8_260,10,17,3485,1753,476,11,0
sqrt8_260,10,17,3497,1766,488,6,0
sqrt8_260,10,17,3540,1775,531,14,0
sqrt8_260,10,18,3516,1754,507,1,0
sqrt8_260,10,18,3462,1774,453,7,0
sqrt8_260,10,18,3476,1759,467,8,0
sqrt8_260,10,18,3467,1771,458,4,0
sqrt8_260,10,18,3530,1741,521,3,0
sqrt8_260,10,18,3531,1757,522,6,0
sqrt8_260,10,18,3503,1745,494,13,0
sqrt8_260,10,18,3492,1766,483,2,0
sqrt8_260,10,18,3463,1755,454,5,0
sqrt8_260,10,18,3487,1757,478,9,0
sqrt8_260,10,18,3470,1761,461,10,0
sqrt8_260,10,18,3463,1742,454,11,0
sqrt8_260,10,18,3449,1745,440,15,0
sqrt8_260,10,18,3538,1768,529,14,0
sqrt8_260,10,18,3469,1746,460,12,0
sqrt8_260,10,19,3469,1745,460,1,0
sqrt8_260,10,19,3483,1757,474,3,0
sqrt8_260,10,19,3513,1774,504,4,0
sqrt8_260,10,19,3448,1758,439,5,0
sqrt8_260,10,19,3428,1754,419,6,0
sqrt8_260,10,19,3497,1756,488,7,0
sqrt8_260,10,19,3498,1753,489,2,0
sqrt8_260,10,19,3506,1764,497,14,0
sqrt8_260,10,19,3481,1773,472,8,0
sqrt8_260,10,19,3488,1748,479,9,0
sqrt8_260,10,19,3535,1770,526,10,0
sqrt8_260,10,19,3494,1765,485,11,0
sqrt8_260,10,19,3524,1750,515,12,0
sqrt8_260,10,19,3550,1769,541,13,0
sqrt8_260,10,19,3437,1741,428,15,0
sqrt8_260,10,20,3517,1759,508,3,0
sqrt8_260,10,20,3478,1765,469,7,0
sqrt8_260,10,20,3459,1767,450,10,0
sqrt8_260,10,20,3508,1776,499,1,0
sqrt8_260,10,20,3500,1759,491,4,0
sqrt8_260,10,20,3469,1764,460,2,0
sqrt8_260,10,20,3535,1778,526,5,0
sqrt8_260,10,20,3557,1773,548,6,0
sqrt8_260,10,20,3493,1767,484,8,0
sqrt8_260,10,20,3492,1766,483,9,0
sqrt8_260,10,20,3572,1784,563,11,0
sqrt8_260,10,20,3554,1780,545,12,0
sqrt8_260,10,20,3510,1758,501,13,0
sqrt8_260,10,20,3468,1751,459,15,0
sqrt8_260,10,20,3519,1777,510,14,0
sqrt8_260,10,21,3449,1740,440,1,0
sqrt8_260,10,21,3494,1744,485,4,0
sqrt8_260,10,21,3464,1751,455,7,0
sqrt8_260,10,21,3507,1757,498,6,0
sqrt8_260,10,21,3413,1748,404,8,0
sqrt8_260,10,21,3512,1768,503,15,0
sqrt8_260,10,21,3431,1764,422,2,0
sqrt8_260,10,21,3458,1749,449,3,0
sqrt8_260,10,21,3487,1765,478,5,0
sqrt8_260,10,21,3460,1746,451,9,0
sqrt8_260,10,21,3450,1752,441,10,0
sqrt8_260,10,21,3515,1763,506,11,0
sqrt8_260,10,21,3443,1750,434,12,0
sqrt8_260,10,21,3460,1745,451,14,0
sqrt8_260,10,21,3517,1760,508,13,0
sqrt8_260,10,22,3480,1769,471,2,0
sqrt8_260,10,22,3463,1743,454,1,0
sqrt8_260,10,22,3450,1754,441,3,0
sqrt8_260,10,22,3456,1753,447,5,0
sqrt8_260,10,22,3523,1754,514,4,0
sqrt8_260,10,22,3540,1763,531,7,0
sqrt8_260,10,22,3476,1749,467,8,0
sqrt8_260,10,22,3507,1777,498,9,0
sqrt8_260,10,22,3537,1762,528,14,0
sqrt8_260,10,22,3475,1765,466,10,0
sqrt8_260,10,22,3537,1764,528,15,0
sqrt8_260,10,22,3552,1763,543,12,0
sqrt8_260,10,22,3515,1769,506,6,0
sqrt8_260,10,22,3541,1774,532,11,0
sqrt8_260,10,22,3505,1766,496,13,0
sqrt8_260,10,23,3525,1774,516,2,0
sqrt8_260,10,23,3527,1756,518,3,0
sqrt8_260,10,23,3488,1749,479,1,0
sqrt8_260,10,23,3447,1759,438,4,0
sqrt8_260,10,23,3465,1761,456,5,0
sqrt8_260,10,23,3490,1746,481,7,0
sqrt8_260,10,23,3474,1747,465,14,0
sqrt8_260,10,23,3542,1769,533,13,0
sqrt8_260,10,23,3510,1740,501,8,0
sqrt8_260,10,23,3496,1749,487,9,0
sqrt8_260,10,23,3545,1777,536,11,0
sqrt8_260,10,23,3474,1755,465,10,0
sqrt8_260,10,23,3517,1756,508,6,0
sqrt8_260,10,23,3479,1744,470,12,0
sqrt8_260,10,23,3530,1758,521,15,0
sqrt8_260,10,24,3495,1765,486,1,0
sqrt8_260,10,24,3447,1735,438,2,0
sqrt8_260,10,24,3514,1769,505,3,0
sqrt8_260,10,24,3554,1779,545,7,0
sqrt8_260,10,24,3503,1770,494,4,0
sqrt8_260,10,24,3481,1750,472,9,0
sqrt8_260,10,24,3529,1765,520,8,0
sqrt8_260,10,24,3591,1791,582,10,0
sqrt8_260,10,24,3508,1755,499,11,0
sqrt8_260,10,24,3520,1758,511,5,0
sqrt8_260,10,24,3500,1756,491,6,0
sqrt8_260,10,24,3534,1765,525,12,0
sqrt8_260,10,24,3493,1760,484,13,0
sqrt8_260,10,24,3497,1758,488,14,0
sqrt8_260,10,24,3494,1767,485,15,0
misex1_241,10,16,5224,2779,411,2,0
misex1_241,10,16,5226,2787,413,1,0
misex1_241,10,16,5138,2790,325,3,0
misex1_241,10,16,5210,2768,397,4,0
misex1_241,10,16,5356,2802,543,5,0
misex1_241,10,16,5189,2791,376,6,0
misex1_241,10,16,5204,2781,391,9,0
misex1_241,10,16,5189,2782,376,12,0
misex1_241,10,16,5175,2779,362,15,0
misex1_241,10,16,5369,2808,556,7,0
misex1_241,10,16,5174,2791,361,8,0
misex1_241,10,16,5133,2771,320,11,0
misex1_241,10,16,5098,2762,285,10,0
misex1_241,10,16,5117,2773,304,13,0
misex1_241,10,16,5150,2792,337,14,0
misex1_241,10,17,5190,2780,377,1,0
misex1_241,10,17,5297,2783,484,2,0
misex1_241,10,17,5227,2791,414,10,0
misex1_241,10,17,5183,2785,370,4,0
misex1_241,10,17,5194,2788,381,3,0
misex1_241,10,17,5172,2789,359,13,0
misex1_241,10,17,5316,2806,503,5,0
misex1_241,10,17,5295,2819,482,6,0
misex1_241,10,17,5118,2751,305,7,0
misex1_241,10,17,5385,2806,572,9,0
misex1_241,10,17,5317,2805,504,11,0
misex1_241,10,17,5284,2821,471,8,0
misex1_241,10,17,5246,2803,433,12,0
misex1_241,10,17,5212,2791,399,14,0
misex1_241,10,17,5254,2796,441,15,0
misex1_241,10,18,5182,2762,369,4,0
misex1_241,10,18,5222,2788,409,6,0
misex1_241,10,18,5156,2764,343,10,0
misex1_241,10,18,5266,2788,453,1,0
misex1_241,10,18,5255,2792,442,3,0
misex1_241,10,18,5182,2765,369,5,0
misex1_241,10,18,5127,2759,314,2,0
misex1_241,10,18,5284,2787,471,8,0
misex1_241,10,18,5194,2771,381,7,0
misex1_241,10,18,5200,2781,387,9,0
misex1_241,10,18,5130,2759,317,11,0
misex1_241,10,18,5199,2777,386,12,0
misex1_241,10,18,5147,2753,334,13,0
misex1_241,10,18,5308,2787,495,14,0
misex1_241,10,18,5343,2795,530,15,0
misex1_241,10,19,5162,2776,349,1,0
misex1_241,10,19,5290,2828,477,3,0
misex1_241,10,19,5220,2771,407,10,0
misex1_241,10,19,5146,2787,333,9,0
misex1_241,10,19,5267,2775,454,4,0
misex1_241,10,19,5230,2781,417,2,0
misex1_241,10,19,5114,2776,301,7,0
misex1_241,10,19,5153,2785,340,11,0
misex1_241,10,19,5129,2747,316,8,0
misex1_241,10,19,5195,2796,382,5,0
misex1_241,10,19,5223,2777,410,6,0
misex1_241,10,19,5225,2782,412,12,0
misex1_241,10,19,5203,2783,390,13,0
misex1_241,10,19,5169,2771,356,14,0
misex1_241,10,19,5208,2786,395,15,0
misex1_241,10,20,5221,2783,408,1,0
misex1_241,10,20,5137,2777,324,2,0
misex1_241,10,20,5249,2809,436,4,0
misex1_241,10,20,5193,2765,380,3,0
misex1_241,10,20,5150,2783,337,8,0
misex1_241,10,20,5273,2808,460,15,0
misex1_241,10,20,5280,2798,467,14,0
misex1_241,10,20,5156,2761,343,13,0
misex1_241,10,20,5252,2778,439,6,0
misex1_241,10,20,5324,2776,511,7,0
misex1_241,10,20,5172,2767,359,5,0
misex1_241,10,20,5237,2774,424,10,0
misex1_241,10,20,5241,2779,428,9,0
misex1_241,10,20,5201,2769,388,11,0
misex1_241,10,20,5279,2787,466,12,0
misex1_241,10,21,5227,2776,414,4,0
misex1_241,10,21,5287,2778,474,2,0
misex1_241,10,21,5213,2774,400,3,0
misex1_241,10,21,5126,2757,313,9,0
misex1_241,10,21,5326,2777,513,1,0
misex1_241,10,21,5162,2763,349,5,0
misex1_241,10,21,5190,2762,377,7,0
misex1_241,10,21,5259,2785,446,6,0
misex1_241,10,21,5261,2761,448,12,0
misex1_241,10,21,5290,2788,477,13,0
misex1_241,10,21,5252,2786,439,8,0
misex1_241,10,21,5221,2780,408,10,0
misex1_241,10,21,5312,2797,499,11,0
misex1_241,10,21,5193,2762,380,14,0
misex1_241,10,21,5195,2774,382,15,0
misex1_241,10,22,5168,2772,355,1,0
misex1_241,10,22,5316,2784,503,2,0
misex1_241,10,22,5200,2763,387,6,0
misex1_241,10,22,5355,2791,542,13,0
misex1_241,10,22,5310,2797,497,12,0
misex1_241,10,22,5182,2770,369,7,0
misex1_241,10,22,5207,2777,394,3,0
misex1_241,10,22,5351,2781,538,4,0
misex1_241,10,22,5211,2777,398,5,0
misex1_241,10,22,5228,2781,415,8,0
misex1_241,10,22,5183,2782,370,9,0
misex1_241,10,22,5089,2742,276,10,0
misex1_241,10,22,5104,2763,291,11,0
misex1_241,10,22,5149,2757,336,14,0
misex1_241,10,22,5237,2777,424,15,0
misex1_241,10,23,5167,2758,354,4,0
misex1_241,10,23,5156,2766,343,3,0
misex1_241,10,23,5208,2780,395,2,0
misex1_241,10,23,5214,2772,401,1,0
misex1_241,10,23,5387,2812,574,10,0
misex1_241,10,23,5215,2794,402,5,0
misex1_241,10,23,5306,2808,493,7,0
misex1_241,10,23,5325,2786,512,11,0
misex1_241,10,23,5212,2768,399,12,0
misex1_241,10,23,5248,2779,435,15,0
misex1_241,10,23,5170,2770,357,6,0
misex1_241,10,23,5217,2789,404,8,0
misex1_241,10,23,5316,2773,503,9,0
misex1_241,10,23,5225,2774,412,13,0
misex1_241,10,23,5259,2796,446,14,0
misex1_241,10,24,5285,2804,472,5,0
misex1_241,10,24,5224,2776,411,2,0
misex1_241,10,24,5235,2779,422,4,0
misex1_241,10,24,5227,2793,414,8,0
misex1_241,10,24,5281,2800,468,3,0
misex1_241,10,24,5281,2758,468,14,0
misex1_241,10,24,5146,2775,333,12,0
misex1_241,10,24,5264,2788,451,1,0
misex1_241,10,24,5262,2764,449,7,0
misex1_241,10,24,5295,2800,482,6,0
misex1_241,10,24,5232,2791,419,9,0
misex1_241,10,24,5178,2770,365,10,0
misex1_241,10,24,5191,2789,378,15,0
misex1_241,10,24,5301,2786,488,11,0
misex1_241,10,24,5257,2783,444,13,0
cycle10_2_110,10,40,7197,3650,1147,9,0
cycle10_2_110,10,40,6982,3600,932,2,0
cycle10_2_110,10,40,7117,3604,1067,3,0
cycle10_2_110,10,40,7008,3593,958,4,0
cycle10_2_110,10,40,6976,3596,926,1,0
cycle10_2_110,10,40,7044,3618,994,5,0
cycle10_2_110,10,40,7141,3644,1091,15,0
cycle10_2_110,10,40,7128,3616,1078,6,0
cycle10_2_110,10,40,7034,3602,984,7,0
cycle10_2_110,10,40,6941,3610,891,10,0
cycle10_2_110,10,40,7074,3622,1024,8,0
cycle10_2_110,10,40,6950,3601,900,13,0
cycle10_2_110,10,40,7091,3583,1041,12,0
cycle10_2_110,10,40,7002,3617,952,14,0
cycle10_2_110,10,40,7082,3601,1032,11,0
cycle10_2_110,10,42,7086,3630,1036,2,0
cycle10_2_110,10,42,7097,3614,1047,5,0
cycle10_2_110,10,42,7060,3613,1010,4,0
cycle10_2_110,10,42,6956,3594,906,7,0
cycle10_2_110,10,42,7017,3606,967,6,0
cycle10_2_110,10,42,7022,3626,972,13,0
cycle10_2_110,10,42,7027,3597,977,11,0
cycle10_2_110,10,42,7130,3630,1080,1,0
cycle10_2_110,10,42,7063,3568,1013,3,0
cycle10_2_110,10,42,7087,3601,1037,8,0
cycle10_2_110,10,42,7077,3598,1027,10,0
cycle10_2_110,10,42,7051,3582,1001,9,0
cycle10_2_110,10,42,7047,3626,997,12,0
cycle10_2_110,10,42,6984,3607,934,14,0
cycle10_2_110,10,42,7182,3629,1132,15,0
cycle10_2_110,10,45,7009,3613,959,8,0
cycle10_2_110,10,45,7051,3616,1001,9,0
cycle10_2_110,10,45,7164,3612,1114,12,0
cycle10_2_110,10,45,7041,3623,991,7,0
cycle10_2_110,10,45,7110,3654,1060,2,0
cycle10_2_110,10,45,7103,3606,1053,1,0
cycle10_2_110,10,45,7111,3617,1061,3,0
cycle10_2_110,10,45,7047,3588,997,4,0
cycle10_2_110,10,45,7037,3593,987,5,0
cycle10_2_110,10,45,7038,3626,988,6,0
cycle10_2_110,10,45,7054,3613,1004,10,0
cycle10_2_110,10,45,7071,3611,1021,11,0
cycle10_2_110,10,45,7050,3648,1000,13,0
cycle10_2_110,10,45,7029,3597,979,14,0
cycle10_2_110,10,45,6981,3594,931,15,0
cycle10_2_110,10,47,7096,3612,1046,4,0
cycle10_2_110,10,47,7025,3605,975,5,0
cycle10_2_110,10,47,7100,3610,1050,6,0
cycle10_2_110,10,47,7160,3620,1110,9,0
cycle10_2_110,10,47,6989,3584,939,8,0
cycle10_2_110,10,47,7023,3585,973,7,0
cycle10_2_110,10,47,7084,3622,1034,13,0
cycle10_2_110,10,47,6983,3605,933,1,0
cycle10_2_110,10,47,6984,3605,934,2,0
cycle10_2_110,10,47,7029,3630,979,3,0
cycle10_2_110,10,47,7076,3614,1026,14,0
cycle10_2_110,10,47,7089,3611,1039,12,0
cycle10_2_110,10,47,7082,3614,1032,11,0
cycle10_2_110,10,47,7061,3587,1011,10,0
cycle10_2_110,10,47,7070,3605,1020,15,0
cycle10_2_110,10,50,7074,3608,1024,4,0
cycle10_2_110,10,50,7028,3620,978,3,0
cycle10_2_110,10,50,7012,3600,962,2,0
cycle10_2_110,10,50,7104,3607,1054,7,0
cycle10_2_110,10,50,7124,3612,1074,6,0
cycle10_2_110,10,50,7060,3620,1010,8,0
cycle10_2_110,10,50,7027,3643,977,12,0
cycle10_2_110,10,50,7075,3599,1025,10,0
cycle10_2_110,10,50,7088,3605,1038,1,0
cycle10_2_110,10,50,7138,3604,1088,5,0
cycle10_2_110,10,50,7065,3628,1015,11,0
cycle10_2_110,10,50,7097,3622,1047,9,0
cycle10_2_110,10,50,7075,3593,1025,13,0
cycle10_2_110,10,50,7210,3603,1160,14,0
cycle10_2_110,10,50,7059,3617,1009,15,0
cycle10_2_110,10,52,7048,3605,998,2,0
cycle10_2_110,10,52,7072,3594,1022,5,0
cycle10_2_110,10,52,7074,3601,1024,3,0
cycle10_2_110,10,52,7064,3602,1014,4,0
cycle10_2_110,10,52,6968,3594,918,1,0
cycle10_2_110,10,52,7130,3606,1080,12,0
cycle10_2_110,10,52,7107,3593,1057,8,0
cycle10_2_110,10,52,7107,3626,1057,7,0
cycle10_2_110,10,52,7043,3609,993,11,0
cycle10_2_110,10,52,7135,3600,1085,6,0
cycle10_2_110,10,52,7173,3631,1123,9,0
cycle10_2_110,10,52,7089,3587,1039,13,0
cycle10_2_110,10,52,7094,3607,1044,10,0
cycle10_2_110,10,52,7010,3602,960,15,0
cycle10_2_110,10,52,7072,3617,1022,14,0
cycle10_2_110,10,55,7057,3619,1007,5,0
cycle10_2_110,10,55,7151,3602,1101,7,0
cycle10_2_110,10,55,7125,3598,1075,2,0
cycle10_2_110,10,55,7106,3614,1056,3,0
cycle10_2_110,10,55,7040,3598,990,4,0
cycle10_2_110,10,55,7063,3627,1013,11,0
cycle10_2_110,10,55,7169,3631,1119,8,0
cycle10_2_110,10,55,7103,3611,1053,14,0
cycle10_2_110,10,55,7134,3603,1084,15,0
cycle10_2_110,10,55,6980,3596,930,13,0
cycle10_2_110,10,55,7110,3619,1060,1,0
cycle10_2_110,10,55,7005,3577,955,6,0
cycle10_2_110,10,55,7004,3602,954,9,0
cycle10_2_110,10,55,7095,3618,1045,10,0
cycle10_2_110,10,55,7077,3605,1027,12,0
cycle10_2_110,10,57,7153,3638,1103,2,0
cycle10_2_110,10,57,7125,3609,1075,1,0
cycle10_2_110,10,57,6965,3582,915,3,0
cycle10_2_110,10,57,7105,3616,1055,4,0
cycle10_2_110,10,57,6973,3601,923,5,0
cycle10_2_110,10,57,7081,3595,1031,9,0
cycle10_2_110,10,57,7091,3601,1041,6,0
cycle10_2_110,10,57,7044,3599,994,11,0
cycle10_2_110,10,57,6944,3616,894,7,0
cycle10_2_110,10,57,6998,3607,948,12,0
cycle10_2_110,10,57,7066,3601,1016,8,0
cycle10_2_110,10,57,7097,3587,1047,13,0
cycle10_2_110,10,57,7067,3605,1017,10,0
cycle10_2_110,10,57,7028,3616,978,14,0
cycle10_2_110,10,57,7045,3600,995,15,0
cycle10_2_110,10,60,7099,3618,1049,5,0
cycle10_2_110,10,60,7085,3614,1035,8,0
cycle10_2_110,10,60,7186,3634,1136,1,0
cycle10_2_110,10,60,7085,3618,1035,2,0
cycle10_2_110,10,60,7003,3606,953,6,0
cycle10_2_110,10,60,7070,3628,1020,13,0
cycle10_2_110,10,60,7073,3633,1023,14,0
cycle10_2_110,10,60,7047,3590,997,3,0
cycle10_2_110,10,60,7102,3630,1052,4,0
cycle10_2_110,10,60,7135,3614,1085,7,0
cycle10_2_110,10,60,7119,3609,1069,12,0
cycle10_2_110,10,60,7028,3608,978,9,0
cycle10_2_110,10,60,7121,3612,1071,10,0
cycle10_2_110,10,60,7046,3635,996,11,0
cycle10_2_110,10,60,7044,3587,994,15,0
square_root_7,10,40,8702,4110,1072,4,0
square_root_7,10,40,8634,4083,1004,7,0
square_root_7,10,40,8654,4066,1024,1,0
square_root_7,10,40,8583,4048,953,3,0
square_root_7,10,40,8621,4063,991,5,0
square_root_7,10,40,8600,4055,970,6,0
square_root_7,10,40,8670,4091,1040,9,0
square_root_7,10,40,8599,4051,969,15,0
square_root_7,10,40,8637,4066,1007,2,0
square_root_7,10,40,8583,4078,953,8,0
square_root_7,10,40,8649,4100,1019,10,0
square_root_7,10,40,8672,4059,1042,11,0
square_root_7,10,40,8628,4050,998,12,0
square_root_7,10,40,8529,4042,899,13,0
square_root_7,10,40,8559,4023,929,14,0
square_root_7,10,42,8706,4065,1076,2,0
square_root_7,10,42,8618,4065,988,1,0
square_root_7,10,42,8600,4063,970,3,0
square_root_7,10,42,8714,4060,1084,5,0
square_root_7,10,42,8743,4063,1113,11,0
square_root_7,10,42,8672,4071,1042,9,0
square_root_7,10,42,8642,4065,1012,13,0
square_root_7,10,42,8824,4074,1194,4,0
square_root_7,10,42,8698,4027,1068,6,0
square_root_7,10,42,8637,4038,1007,7,0
square_root_7,10,42,8580,4033,950,8,0
square_root_7,10,42,8546,4053,916,10,0
square_root_7,10,42,8625,4053,995,12,0
square_root_7,10,42,8502,4036,872,14,0
square_root_7,10,42,8570,4055,940,15,0
square_root_7,10,45,8574,4054,944,2,0
square_root_7,10,45,8441,4040,811,3,0
square_root_7,10,45,8590,4068,960,5,0
square_root_7,10,45,8488,4013,858,1,0
square_root_7,10,45,8673,4052,1043,6,0
square_root_7,10,45,8626,4054,996,4,0
square_root_7,10,45,8668,4073,1038,11,0
square_root_7,10,45,8615,4053,985,13,0
square_root_7,10,45,8831,4055,1201,14,0
square_root_7,10,45,8612,4055,982,15,0
square_root_7,10,45,8674,4060,1044,8,0
square_root_7,10,45,8583,4070,953,7,0
square_root_7,10,45,8629,4053,999,10,0
square_root_7,10,45,8632,4053,1002,9,0
square_root_7,10,45,8664,4064,1034,12,0
square_root_7,10,47,8553,4005,923,3,0
square_root_7,10,47,8504,4036,874,4,0
square_root_7,10,47,8569,4058,939,2,0
square_root_7,10,47,8579,4052,949,7,0
square_root_7,10,47,8636,4048,1006,11,0
square_root_7,10,47,8479,4036,849,6,0
square_root_7,10,47,8600,4056,970,8,0
square_root_7,10,47,8583,4059,953,9,0
square_root_7,10,47,8598,4054,968,1,0
square_root_7,10,47,8563,4028,933,5,0
square_root_7,10,47,8541,4062,911,10,0
square_root_7,10,47,8677,4045,1047,12,0
square_root_7,10,47,8617,4074,987,13,0
square_root_7,10,47,8573,4090,943,15,0
square_root_7,10,47,8659,4062,1029,14,0
square_root_7,10,50,8692,4066,1062,3,0
square_root_7,10,50,8691,4065,1061,7,0
square_root_7,10,50,8703,4091,1073,5,0
square_root_7,10,50,8658,4074,1028,13,0
square_root_7,10,50,8648,4080,1018,14,0
square_root_7,10,50,8551,4028,921,4,0
square_root_7,10,50,8731,4046,1101,11,0
square_root_7,10,50,8565,4029,935,1,0
square_root_7,10,50,8647,4080,1017,2,0
square_root_7,10,50,8744,4070,1114,8,0
square_root_7,10,50,8689,4063,1059,6,0
square_root_7,10,50,8607,4065,977,12,0
square_root_7,10,50,8718,4075,1088,10,0
square_root_7,10,50,8578,4031,948,9,0
square_root_7,10,50,8639,4041,1009,15,0
square_root_7,10,52,8675,4048,1045,3,0
square_root_7,10,52,8612,4037,982,2,0
square_root_7,10,52,8537,4047,907,4,0
square_root_7,10,52,8759,4071,1129,5,0
square_root_7,10,52,8561,4049,931,6,0
square_root_7,10,52,8560,4040,930,10,0
square_root_7,10,52,8584,4043,954,14,0
square_root_7,10,52,8581,4047,951,15,0
square_root_7,10,52,8504,4030,874,12,0
square_root_7,10,52,8689,4073,1059,1,0
square_root_7,10,52,8579,4070,949,8,0
square_root_7,10,52,8570,4067,940,7,0
square_root_7,10,52,8555,4032,925,9,0
square_root_7,10,52,8518,4045,888,11,0
square_root_7,10,52,8583,4021,953,13,0
square_root_7,10,55,8592,4054,962,1,0
square_root_7,10,55,8650,4056,1020,9,0
square_root_7,10,55,8595,4042,965,10,0
square_root_7,10,55,8497,4021,867,13,0
square_root_7,10,55,8638,4076,1008,6,0
square_root_7,10,55,8599,4016,969,8,0
square_root_7,10,55,8570,4043,940,7,0
square_root_7,10,55,8607,4061,977,15,0
square_root_7,10,55,8648,4042,1018,2,0
square_root_7,10,55,8577,4062,947,12,0
square_root_7,10,55,8603,4053,973,4,0
square_root_7,10,55,8563,4030,933,3,0
square_root_7,10,55,8672,4057,1042,5,0
square_root_7,10,55,8696,4070,1066,11,0
square_root_7,10,55,8617,4065,987,14,0
square_root_7,10,57,8548,4027,918,1,0
square_root_7,10,57,8632,4074,1002,4,0
square_root_7,10,57,8575,4079,945,3,0
square_root_7,10,57,8662,4047,1032,2,0
square_root_7,10,57,8584,4047,954,6,0
square_root_7,10,57,8559,4062,929,5,0
square_root_7,10,57,8599,4061,969,7,0
square_root_7,10,57,8654,4078,1024,8,0
square_root_7,10,57,8596,4040,966,10,0
square_root_7,10,57,8715,4075,1085,9,0
square_root_7,10,57,8678,4057,1048,12,0
square_root_7,10,57,8748,4059,1118,11,0
square_root_7,10,57,8698,4075,1068,13,0
square_root_7,10,57,8708,4068,1078,14,0
square_root_7,10,57,8746,4086,1116,15,0
square_root_7,10,60,8604,4055,974,7,0
square_root_7,10,60,8606,4078,976,1,0
square_root_7,10,60,8620,4052,990,10,0
square_root_7,10,60,8656,4091,1026,15,0
square_root_7,10,60,8642,4070,1012,4,0
square_root_7,10,60,8698,4070,1068,6,0
square_root_7,10,60,8637,4082,1007,2,0
square_root_7,10,60,8545,4035,915,3,0
square_root_7,10,60,8597,4068,967,9,0
square_root_7,10,60,8669,4072,1039,8,0
square_root_7,10,60,8727,4106,1097,5,0
square_root_7,10,60,8604,4044,974,11,0
square_root_7,10,60,8653,4059,1023,13,0
square_root_7,10,60,8700,4084,1070,12,0
square_root_7,10,60,8609,4073,979,14,0
sqn_258,10,100,11708,5805,1485,3,0
sqn_258,10,100,11671,5810,1448,1,0
sqn_258,10,100,11688,5785,1465,8,0
sqn_258,10,100,11722,5788,1499,2,0
sqn_258,10,100,11689,5833,1466,7,0
sqn_258,10,100,11940,5856,1717,4,0
sqn_258,10,100,11869,5840,1646,10,0
sqn_258,10,100,11686,5842,1463,5,0
sqn_258,10,100,11662,5825,1439,11,0
sqn_258,10,100,11772,5846,1549,12,0
sqn_258,10,100,11540,5779,1317,13,0
sqn_258,10,100,11677,5834,1454,15,0
sqn_258,10,100,11571,5787,1348,14,0
sqn_258,10,100,11644,5764,1421,9,0
sqn_258,10,100,11697,5803,1474,6,0
sqn_258,10,105,11904,5857,1681,4,0
sqn_258,10,105,11763,5840,1540,3,0
sqn_258,10,105,11832,5824,1609,12,0
sqn_258,10,105,11753,5839,1530,10,0
sqn_258,10,105,11764,5837,1541,7,0
sqn_258,10,105,11818,5846,1595,8,0
sqn_258,10,105,11737,5869,1514,5,0
sqn_258,10,105,11778,5860,1555,2,0
sqn_258,10,105,11815,5826,1592,1,0
sqn_258,10,105,11844,5829,1621,6,0
sqn_258,10,105,11769,5836,1546,9,0
sqn_258,10,105,11703,5837,1480,11,0
sqn_258,10,105,11734,5865,1511,13,0
sqn_258,10,105,11681,5804,1458,14,0
sqn_258,10,105,11859,5853,1636,15,0
sqn_258,10,110,11872,5797,1649,1,0
sqn_258,10,110,11686,5844,1463,5,0
sqn_258,10,110,11696,5795,1473,7,0
sqn_258,10,110,11834,5832,1611,2,0
sqn_258,10,110,11629,5851,1406,10,0
sqn_258,10,110,11748,5857,1525,3,0
sqn_258,10,110,11698,5809,1475,4,0
sqn_258,10,110,11824,5854,1601,6,0
sqn_258,10,110,11728,5841,1505,14,0
sqn_258,10,110,11756,5820,1533,8,0
sqn_258,10,110,11835,5824,1612,11,0
sqn_258,10,110,11808,5822,1585,9,0
sqn_258,10,110,11735,5841,1512,12,0
sqn_258,10,110,11762,5846,1539,15,0
sqn_258,10,110,11814,5828,1591,13,0
sqn_258,10,80,11560,5805,1337,8,0
sqn_258,10,80,11751,5801,1528,5,0
sqn_258,10,80,11837,5837,1614,3,0
sqn_258,10,80,11813,5822,1590,4,0
sqn_258,10,80,11708,5822,1485,2,0
sqn_258,10,80,11661,5817,1438,10,0
sqn_258,10,80,11852,5813,1629,15,0
sqn_258,10,80,11832,5819,1609,1,0
sqn_258,10,80,11735,5825,1512,6,0
sqn_258,10,80,11729,5853,1506,7,0
sqn_258,10,80,11572,5782,1349,9,0
sqn_258,10,80,11807,5817,1584,12,0
sqn_258,10,80,11726,5817,1503,13,0
sqn_258,10,80,11649,5783,1426,11,0
sqn_258,10,80,11765,5820,1542,14,0
sqn_258,10,114,11872,5842,1649,2,0
sqn_258,10,114,11755,5809,1532,9,0
sqn_258,10,114,11778,5849,1555,7,0
sqn_258,10,114,11717,5821,1494,1,0
sqn_258,10,114,11899,5885,1676,15,0
sqn_258,10,114,12017,5840,1794,3,0
sqn_258,10,114,11790,5848,1567,11,0
sqn_258,10,114,11666,5803,1443,13,0
sqn_258,10,114,11627,5787,1404,4,0
sqn_258,10,114,11830,5818,1607,14,0
sqn_258,10,114,11810,5820,1587,5,0
sqn_258,10,114,11856,5809,1633,6,0
sqn_258,10,114,11965,5840,1742,12,0
sqn_258,10,114,12060,5865,1837,8,0
sqn_258,10,114,11730,5834,1507,10,0
sqn_258,10,85,11709,5835,1486,6,0
sqn_258,10,85,11791,5773,1568,1,0
sqn_258,10,85,11655,5796,1432,3,0
sqn_258,10,85,11742,5837,1519,10,0
sqn_258,10,85,11789,5775,1566,2,0
sqn_258,10,85,11939,5826,1716,12,0
sqn_258,10,85,11745,5815,1522,14,0
sqn_258,10,85,11827,5819,1604,8,0
sqn_258,10,85,11868,5815,1645,5,0
sqn_258,10,85,11626,5805,1403,7,0
sqn_258,10,85,11638,5778,1415,4,0
sqn_258,10,85,11574,5810,1351,9,0
sqn_258,10,85,11929,5803,1706,11,0
sqn_258,10,85,11857,5814,1634,15,0
sqn_258,10,85,11688,5858,1465,13,0
sqn_258,10,120,11966,5861,1743,5,0
sqn_258,10,120,11870,5865,1647,8,0
sqn_258,10,120,11712,5802,1489,4,0
sqn_258,10,120,11735,5846,1512,3,0
sqn_258,10,120,11878,5826,1655,12,0
sqn_258,10,120,11931,5894,1708,14,0
sqn_258,10,120,11682,5791,1459,7,0
sqn_258,10,120,11735,5817,1512,1,0
sqn_258,10,120,11894,5853,1671,9,0
sqn_258,10,120,11705,5794,1482,2,0
sqn_258,10,120,11676,5808,1453,6,0
sqn_258,10,120,11723,5852,1500,10,0
sqn_258,10,120,11735,5841,1512,11,0
sqn_258,10,120,11857,5842,1634,13,0
sqn_258,10,120,11888,5830,1665,15,0
sqn_258,10,90,11772,5856,1549,7,0
sqn_258,10,90,11704,5816,1481,3,0
sqn_258,10,90,11768,5837,1545,4,0
sqn_258,10,90,11756,5812,1533,5,0
sqn_258,10,90,11755,5841,1532,13,0
sqn_258,10,90,11655,5839,1432,1,0
sqn_258,10,90,11743,5853,1520,2,0
sqn_258,10,90,11857,5828,1634,14,0
sqn_258,10,90,11691,5810,1468,9,0
sqn_258,10,90,11750,5815,1527,10,0
sqn_258,10,90,11729,5799,1506,15,0
sqn_258,10,90,11751,5834,1528,8,0
sqn_258,10,90,11797,5813,1574,12,0
sqn_258,10,90,11815,5845,1592,6,0
sqn_258,10,90,11801,5867,1578,11,0
sqn_258,10,95,11695,5803,1472,2,0
sqn_258,10,95,11742,5824,1519,1,0
sqn_258,10,95,11651,5827,1428,6,0
sqn_258,10,95,11817,5854,1594,3,0
sqn_258,10,95,11575,5785,1352,5,0
sqn_258,10,95,11635,5797,1412,4,0
sqn_258,10,95,11809,5826,1586,12,0
sqn_258,10,95,11774,5822,1551,9,0
sqn_258,10,95,11745,5816,1522,14,0
sqn_258,10,95,11844,5829,1621,7,0
sqn_258,10,95,11733,5813,1510,11,0
sqn_258,10,95,11711,5793,1488,10,0
sqn_258,10,95,11744,5805,1521,8,0
sqn_258,10,95,11787,5832,1564,13,0
sqn_258,10,95,11982,5839,1759,15,0
root_255,10,100,19917,9551,2758,3,0
root_255,10,100,20085,9636,2926,2,0
root_255,10,100,19579,9494,2420,13,0
root_255,10,100,19936,9570,2777,11,0
root_255,10,100,19892,9587,2733,1,0
root_255,10,100,20020,9558,2861,5,0
root_255,10,100,20175,9596,3016,4,0
root_255,10,100,19957,9560,2798,6,0
root_255,10,100,19848,9571,2689,7,0
root_255,10,100,20026,9592,2867,10,0
root_255,10,100,19746,9499,2587,15,0
root_255,10,100,20137,9601,2978,9,0
root_255,10,100,20084,9645,2925,12,0
root_255,10,100,20122,9635,2963,8,0
root_255,10,100,19884,9554,2725,14,0
root_255,10,105,20129,9619,2970,3,0
root_255,10,105,19892,9583,2733,2,0
root_255,10,105,20209,9569,3050,4,0
root_255,10,105,20020,9602,2861,13,0
root_255,10,105,20042,9579,2883,12,0
root_255,10,105,19611,9546,2452,14,0
root_255,10,105,19958,9571,2799,7,0
root_255,10,105,20044,9609,2885,15,0
root_255,10,105,20087,9551,2928,9,0
root_255,10,105,19891,9548,2732,5,0
root_255,10,105,20068,9628,2909,1,0
root_255,10,105,20077,9590,2918,6,0
root_255,10,105,20009,9589,2850,10,0
root_255,10,105,19837,9529,2678,8,0
root_255,10,105,19932,9527,2773,11,0
root_255,10,110,19929,9562,2770,2,0
root_255,10,110,19659,9514,2500,3,0
root_255,10,110,19839,9584,2680,6,0
root_255,10,110,20189,9592,3030,5,0
root_255,10,110,20022,9572,2863,9,0
root_255,10,110,19849,9519,2690,11,0
root_255,10,110,20034,9555,2875,4,0
root_255,10,110,19763,9522,2604,1,0
root_255,10,110,19760,9534,2601,13,0
root_255,10,110,19880,9563,2721,15,0
root_255,10,110,19754,9530,2595,7,0
root_255,10,110,19978,9582,2819,8,0
root_255,10,110,19953,9507,2794,10,0
root_255,10,110,20080,9610,2921,14,0
root_255,10,110,20104,9600,2945,12,0
root_255,10,80,20009,9597,2850,4,0
root_255,10,80,20128,9663,2969,14,0
root_255,10,80,20180,9678,3021,1,0
root_255,10,80,19836,9621,2677,3,0
root_255,10,80,19875,9603,2716,15,0
root_255,10,80,20154,9701,2995,2,0
root_255,10,80,19901,9595,2742,5,0
root_255,10,80,19911,9609,2752,13,0
root_255,10,80,20033,9710,2874,12,0
root_255,10,80,20035,9654,2876,9,0
root_255,10,80,20020,9670,2861,10,0
root_255,10,80,20171,9693,3012,8,0
root_255,10,80,20183,9668,3024,11,0
root_255,10,80,19922,9656,2763,7,0
root_255,10,80,20351,9681,3192,6,0
root_255,10,114,20124,9590,2965,2,0
root_255,10,114,20152,9593,2993,4,0
root_255,10,114,20197,9578,3038,9,0
root_255,10,114,20036,9546,2877,15,0
root_255,10,114,20042,9585,2883,5,0
root_255,10,114,20199,9613,3040,11,0
root_255,10,114,19831,9540,2672,13,0
root_255,10,114,19730,9488,2571,3,0
root_255,10,114,20011,9550,2852,8,0
root_255,10,114,19944,9535,2785,6,0
root_255,10,114,19742,9531,2583,12,0
root_255,10,114,20198,9564,3039,1,0
root_255,10,114,20126,9525,2967,7,0
root_255,10,114,20036,9579,2877,10,0
root_255,10,114,20011,9561,2852,14,0
root_255,10,85,19873,9548,2714,4,0
root_255,10,85,19909,9627,2750,13,0
root_255,10,85,20110,9653,2951,2,0
root_255,10,85,20060,9617,2901,14,0
root_255,10,85,19988,9602,2829,8,0
root_255,10,85,19925,9627,2766,7,0
root_255,10,85,19972,9659,2813,3,0
root_255,10,85,20082,9632,2923,5,0
root_255,10,85,20065,9613,2906,1,0
root_255,10,85,19884,9612,2725,10,0
root_255,10,85,19888,9628,2729,11,0
root_255,10,85,19958,9661,2799,6,0
root_255,10,85,20062,9643,2903,9,0
root_255,10,85,20123,9622,2964,12,0
root_255,10,85,20049,9647,2890,15,0
root_255,10,120,19929,9564,2770,8,0
root_255,10,120,20084,9575,2925,2,0
root_255,10,120,19956,9558,2797,3,0
root_255,10,120,20100,9586,2941,11,0
root_255,10,120,19876,9551,2717,10,0
root_255,10,120,20157,9572,2998,4,0
root_255,10,120,20142,9574,2983,6,0
root_255,10,120,19965,9522,2806,15,0
root_255,10,120,20054,9578,2895,7,0
root_255,10,120,20066,9562,2907,1,0
root_255,10,120,20070,9553,2911,5,0
root_255,10,120,20046,9556,2887,9,0
root_255,10,120,19978,9567,2819,12,0
root_255,10,120,19956,9527,2797,13,0
root_255,10,120,20043,9590,2884,14,0
root_255,10,90,20129,9594,2970,1,0
root_255,10,90,19862,9561,2703,10,0
root_255,10,90,20159,9670,3000,6,0
root_255,10,90,19908,9550,2749,2,0
root_255,10,90,20025,9584,2866,5,0
root_255,10,90,19973,9579,2814,7,0
root_255,10,90,19997,9609,2838,8,0
root_255,10,90,19973,9598,2814,11,0
root_255,10,90,20005,9625,2846,12,0
root_255,10,90,19817,9590,2658,9,0
root_255,10,90,20098,9620,2939,3,0
root_255,10,90,19993,9587,2834,13,0
root_255,10,90,20061,9579,2902,14,0
root_255,10,90,19802,9546,2643,4,0
root_255,10,90,20157,9668,2998,15,0
root_255,10,95,19801,9555,2642,11,0
root_255,10,95,19944,9605,2785,14,0
root_255,10,95,20114,9655,2955,9,0
root_255,10,95,19915,9567,2756,2,0
root_255,10,95,19982,9571,2823,1,0
root_255,10,95,19922,9535,2763,3,0
root_255,10,95,20032,9557,2873,4,0
root_255,10,95,20028,9636,2869,6,0
root_255,10,95,20074,9621,2915,10,0
root_255,10,95,19956,9547,2797,7,0
root_255,10,95,19958,9575,2799,5,0
root_255,10,95,20036,9563,2877,8,0
root_255,10,95,19731,9492,2572,15,0
root_255,10,95,20025,9548,2866,12,0
root_255,10,95,19884,9559,2725,13,0
urf2_277,10,100,24772,12694,4660,1,0
urf2_277,10,100,24161,12517,4049,5,0
urf2_277,10,100,24286,12507,4174,2,0
urf2_277,10,100,24121,12457,4009,3,0
urf2_277,10,100,24234,12505,4122,4,0
urf2_277,10,100,24282,12522,4170,11,0
urf2_277,10,100,24840,12695,4728,14,0
urf2_277,10,100,24356,12530,4244,9,0
urf2_277,10,100,24293,12536,4181,13,0
urf2_277,10,100,24297,12505,4185,7,0
urf2_277,10,100,24311,12499,4199,12,0
urf2_277,10,100,24360,12484,4248,8,0
urf2_277,10,100,24244,12495,4132,10,0
urf2_277,10,100,24238,12482,4126,15,0
urf2_277,10,100,24227,12511,4115,6,0
urf2_277,10,105,24250,12469,4138,1,0
urf2_277,10,105,24263,12462,4151,2,0
urf2_277,10,105,24344,12515,4232,13,0
urf2_277,10,105,24246,12509,4134,7,0
urf2_277,10,105,24198,12462,4086,4,0
urf2_277,10,105,24077,12504,3965,3,0
urf2_277,10,105,24163,12484,4051,10,0
urf2_277,10,105,24825,12637,4713,11,0
urf2_277,10,105,24321,12486,4209,5,0
urf2_277,10,105,24806,12671,4694,9,0
urf2_277,10,105,24327,12512,4215,6,0
urf2_277,10,105,24296,12513,4184,8,0
urf2_277,10,105,24358,12481,4246,14,0
urf2_277,10,105,24169,12485,4057,12,0
urf2_277,10,105,24807,12652,4695,15,0
urf2_277,10,110,24211,12490,4099,4,0
urf2_277,10,110,24856,12687,4744,9,0
urf2_277,10,110,24254,12503,4142,6,0
urf2_277,10,110,24277,12459,4165,2,0
urf2_277,10,110,24258,12515,4146,14,0
urf2_277,10,110,24269,12494,4157,12,0
urf2_277,10,110,24133,12447,4021,1,0
urf2_277,10,110,24195,12484,4083,3,0
urf2_277,10,110,24174,12483,4062,5,0
urf2_277,10,110,24163,12490,4051,7,0
urf2_277,10,110,24229,12508,4117,8,0
urf2_277,10,110,24168,12490,4056,11,0
urf2_277,10,110,24236,12472,4124,13,0
urf2_277,10,110,24855,12679,4743,10,0
urf2_277,10,110,24345,12465,4233,15,0
urf2_277,10,80,24346,12567,4234,15,0
urf2_277,10,80,24291,12583,4179,4,0
urf2_277,10,80,24396,12585,4284,7,0
urf2_277,10,80,24420,12607,4308,6,0
urf2_277,10,80,24553,12609,4441,1,0
urf2_277,10,80,24485,12613,4373,3,0
urf2_277,10,80,24248,12533,4136,5,0
urf2_277,10,80,24222,12557,4110,2,0
urf2_277,10,80,24493,12598,4381,9,0
urf2_277,10,80,24292,12614,4180,8,0
urf2_277,10,80,24215,12578,4103,13,0
urf2_277,10,80,24423,12624,4311,12,0
urf2_277,10,80,24283,12614,4171,11,0
urf2_277,10,80,24431,12590,4319,14,0
urf2_277,10,80,24282,12594,4170,10,0
urf2_277,10,114,24125,12468,4013,2,0
urf2_277,10,114,24186,12433,4074,8,0
urf2_277,10,114,24273,12459,4161,1,0
urf2_277,10,114,24256,12440,4144,3,0
urf2_277,10,114,24136,12409,4024,4,0
urf2_277,10,114,24269,12440,4157,5,0
urf2_277,10,114,24175,12437,4063,9,0
urf2_277,10,114,24166,12439,4054,14,0
urf2_277,10,114,24323,12451,4211,6,0
urf2_277,10,114,24185,12424,4073,7,0
urf2_277,10,114,24297,12494,4185,11,0
urf2_277,10,114,24195,12442,4083,12,0
urf2_277,10,114,24252,12466,4140,13,0
urf2_277,10,114,24298,12476,4186,15,0
urf2_277,10,114,24217,12469,4105,10,0
urf2_277,10,85,24268,12579,4156,10,0
urf2_277,10,85,24295,12588,4183,13,0
urf2_277,10,85,24298,12552,4186,4,0
urf2_277,10,85,25181,12831,5069,7,0
urf2_277,10,85,24464,12587,4352,6,0
urf2_277,10,85,25148,12786,5036,3,0
urf2_277,10,85,24262,12572,4150,11,0
urf2_277,10,85,24381,12584,4269,2,0
urf2_277,10,85,24312,12585,4200,5,0
urf2_277,10,85,24959,12780,4847,8,0
urf2_277,10,85,24294,12600,4182,9,0
urf2_277,10,85,24329,12557,4217,15,0
urf2_277,10,85,24442,12567,4330,14,0
urf2_277,10,85,24490,12578,4378,1,0
urf2_277,10,85,24363,12565,4251,12,0
urf2_277,10,120,24210,12433,4098,11,0
urf2_277,10,120,24121,12454,4009,4,0
urf2_277,10,120,24230,12427,4118,6,0
urf2_277,10,120,24727,12625,4615,10,0
urf2_277,10,120,24176,12453,4064,1,0
urf2_277,10,120,24307,12456,4195,14,0
urf2_277,10,120,24146,12421,4034,7,0
urf2_277,10,120,24288,12482,4176,3,0
urf2_277,10,120,24206,12460,4094,2,0
urf2_277,10,120,24083,12478,3971,12,0
urf2_277,10,120,24242,12449,4130,8,0
urf2_277,10,120,24225,12432,4113,15,0
urf2_277,10,120,24075,12394,3963,5,0
urf2_277,10,120,24133,12408,4021,13,0
urf2_277,10,120,24322,12454,4210,9,0
urf2_277,10,90,24388,12535,4276,2,0
urf2_277,10,90,24311,12529,4199,1,0
urf2_277,10,90,24346,12543,4234,4,0
urf2_277,10,90,25134,12823,5022,3,0
urf2_277,10,90,24333,12512,4221,11,0
urf2_277,10,90,24373,12527,4261,12,0
urf2_277,10,90,24320,12559,4208,10,0
urf2_277,10,90,24351,12515,4239,8,0
urf2_277,10,90,24238,12510,4126,15,0
urf2_277,10,90,24339,12577,4227,7,0
urf2_277,10,90,24359,12537,4247,13,0
urf2_277,10,90,24252,12532,4140,14,0
urf2_277,10,90,24428,12535,4316,6,0
urf2_277,10,90,24273,12536,4161,9,0
urf2_277,10,90,24343,12541,4231,5,0
urf2_277,10,95,24299,12520,4187,9,0
urf2_277,10,95,24439,12534,4327,4,0
urf2_277,10,95,24371,12509,4259,12,0
urf2_277,10,95,24361,12541,4249,10,0
urf2_277,10,95,24351,12549,4239,13,0
urf2_277,10,95,24194,12529,4082,5,0
urf2_277,10,95,24274,12553,4162,11,0
urf2_277,10,95,24250,12549,4138,1,0
urf2_277,10,95,24393,12541,4281,2,0
urf2_277,10,95,24278,12508,4166,3,0
urf2_277,10,95,24257,12523,4145,8,0
urf2_277,10,95,24372,12527,4260,6,0
urf2_277,10,95,24256,12488,4144,7,0
urf2_277,10,95,24303,12569,4191,15,0
urf2_277,10,95,24287,12504,4175,14,0
clip_206,10,450,39128,19170,5301,1,0
clip_206,10,450,39772,19477,5945,3,0
clip_206,10,450,39404,19273,5577,6,0
clip_206,10,450,39630,19330,5803,5,0
clip_206,10,450,39479,19273,5652,4,0
clip_206,10,450,39617,19412,5790,2,0
clip_206,10,450,39587,19267,5760,12,0
clip_206,10,450,39485,19426,5658,14,0
clip_206,10,450,39479,19273,5652,9,0
clip_206,10,450,39726,19392,5899,8,0
clip_206,10,450,39651,19261,5824,7,0
clip_206,10,450,39782,19354,5955,13,0
clip_206,10,450,39619,19300,5792,15,0
clip_206,10,450,39548,19340,5721,11,0
clip_206,10,450,39798,19366,5971,10,0
clip_206,10,550,39641,19400,5814,13,0
clip_206,10,550,39696,19300,5869,8,0
clip_206,10,550,39815,19463,5988,4,0
clip_206,10,550,39535,19387,5708,7,0
clip_206,10,550,39954,19375,6127,9,0
clip_206,10,550,39645,19389,5818,5,0
clip_206,10,550,39828,19396,6001,12,0
clip_206,10,550,39978,19486,6151,6,0
clip_206,10,550,39678,19339,5851,3,0
clip_206,10,550,39723,19342,5896,10,0
clip_206,10,550,39856,19485,6029,2,0
clip_206,10,550,39762,19345,5935,1,0
clip_206,10,550,39945,19426,6118,14,0
clip_206,10,550,39723,19446,5896,11,0
clip_206,10,550,39715,19371,5888,15,0
clip_206,10,425,39646,19259,5819,15,0
clip_206,10,425,39642,19335,5815,3,0
clip_206,10,425,39669,19264,5842,13,0
clip_206,10,425,39794,19379,5967,2,0
clip_206,10,425,39375,19277,5548,5,0
clip_206,10,425,39509,19308,5682,7,0
clip_206,10,425,39535,19250,5708,4,0
clip_206,10,425,39714,19340,5887,6,0
clip_206,10,425,39837,19337,6010,9,0
clip_206,10,425,39439,19326,5612,1,0
clip_206,10,425,39803,19295,5976,11,0
clip_206,10,425,39628,19340,5801,8,0
clip_206,10,425,39448,19298,5621,10,0
clip_206,10,425,39805,19363,5978,12,0
clip_206,10,425,39471,19266,5644,14,0
clip_206,10,525,39712,19370,5885,14,0
clip_206,10,525,39525,19364,5698,7,0
clip_206,10,525,39814,19308,5987,5,0
clip_206,10,525,39466,19261,5639,3,0
clip_206,10,525,39661,19306,5834,4,0
clip_206,10,525,39706,19344,5879,10,0
clip_206,10,525,39592,19333,5765,12,0
clip_206,10,525,39758,19358,5931,13,0
clip_206,10,525,39507,19343,5680,1,0
clip_206,10,525,39591,19338,5764,15,0
clip_206,10,525,39474,19260,5647,2,0
clip_206,10,525,39785,19397,5958,8,0
clip_206,10,525,39475,19275,5648,9,0
clip_206,10,525,39568,19316,5741,6,0
clip_206,10,525,39947,19431,6120,11,0
clip_206,10,400,39499,19341,5672,6,0
clip_206,10,400,39517,19307,5690,9,0
clip_206,10,400,39504,19269,5677,8,0
clip_206,10,400,39357,19218,5530,3,0
clip_206,10,400,39671,19353,5844,7,0
clip_206,10,400,39678,19306,5851,4,0
clip_206,10,400,39742,19326,5915,12,0
clip_206,10,400,39852,19320,6025,1,0
clip_206,10,400,39403,19313,5576,2,0
clip_206,10,400,39451,19281,5624,5,0
clip_206,10,400,39937,19319,6110,11,0
clip_206,10,400,39789,19323,5962,14,0
clip_206,10,400,39177,19292,5350,10,0
clip_206,10,400,39588,19306,5761,15,0
clip_206,10,400,39858,19321,6031,13,0
clip_206,10,500,39861,19450,6034,1,0
clip_206,10,500,39576,19314,5749,3,0
clip_206,10,500,39699,19412,5872,7,0
clip_206,10,500,39612,19383,5785,8,0
clip_206,10,500,39538,19296,5711,15,0
clip_206,10,500,39718,19377,5891,6,0
clip_206,10,500,39356,19269,5529,5,0
clip_206,10,500,39713,19357,5886,13,0
clip_206,10,500,39795,19449,5968,14,0
clip_206,10,500,39439,19319,5612,2,0
clip_206,10,500,39714,19366,5887,11,0
clip_206,10,500,39755,19342,5928,10,0
clip_206,10,500,39211,19255,5384,9,0
clip_206,10,500,39872,19432,6045,12,0
clip_206,10,500,39701,19365,5874,4,0
clip_206,10,600,40099,19443,6272,8,0
clip_206,10,600,39731,19483,5904,5,0
clip_206,10,600,39863,19459,6036,10,0
clip_206,10,600,39871,19435,6044,3,0
clip_206,10,600,39500,19417,5673,15,0
clip_206,10,600,39725,19511,5898,13,0
clip_206,10,600,40085,19401,6258,9,0
clip_206,10,600,39701,19475,5874,7,0
clip_206,10,600,39112,19341,5285,2,0
clip_206,10,600,39969,19514,6142,4,0
clip_206,10,600,39788,19415,5961,6,0
clip_206,10,600,39986,19564,6159,11,0
clip_206,10,600,39812,19418,5985,12,0
clip_206,10,600,39677,19405,5850,1,0
clip_206,10,600,39846,19494,6019,14,0
clip_206,10,475,39587,19288,5760,15,0
clip_206,10,475,39692,19363,5865,13,0
clip_206,10,475,39883,19336,6056,10,0
clip_206,10,475,39664,19327,5837,3,0
clip_206,10,475,39459,19327,5632,7,0
clip_206,10,475,39900,19288,6073,14,0
clip_206,10,475,39770,19387,5943,5,0
clip_206,10,475,39666,19294,5839,6,0
clip_206,10,475,39377,19260,5550,12,0
clip_206,10,475,39751,19367,5924,11,0
clip_206,10,475,39596,19341,5769,9,0
clip_206,10,475,39815,19319,5988,8,0
clip_206,10,475,39301,19322,5474,1,0
clip_206,10,475,39580,19392,5753,2,0
clip_206,10,475,39422,19361,5595,4,0
clip_206,10,575,39386,19315,5559,12,0
clip_206,10,575,39600,19368,5773,1,0
clip_206,10,575,39502,19345,5675,10,0
clip_206,10,575,39484,19336,5657,4,0
clip_206,10,575,39452,19347,5625,13,0
clip_206,10,575,39703,19390,5876,7,0
clip_206,10,575,39794,19341,5967,5,0
clip_206,10,575,39786,19502,5959,6,0
clip_206,10,575,39674,19336,5847,14,0
clip_206,10,575,39291,19340,5464,11,0
clip_206,10,575,39603,19329,5776,15,0
clip_206,10,575,39635,19371,5808,2,0
clip_206,10,575,39613,19341,5786,8,0
clip_206,10,575,39941,19365,6114,3,0
clip_206,10,575,39852,19400,6025,9,0
