instance_name,timeout,num_chunks,gate_out,depth_out,num_swaps,seed
graycode6_47,60,1,8,7,3,5
graycode6_47,60,1,8,7,3,9
graycode6_47,60,1,8,6,3,8
graycode6_47,60,1,8,6,3,4
graycode6_47,60,1,8,7,3,6
graycode6_47,60,1,8,7,3,3
graycode6_47,60,1,8,6,3,2
graycode6_47,60,1,8,5,3,7
graycode6_47,60,1,8,5,3,10
graycode6_47,60,1,8,7,3,1
ex1_226,60,1,12,10,5,3
ex1_226,60,1,12,10,5,1
ex1_226,60,1,12,10,5,2
ex1_226,60,1,12,9,5,6
ex1_226,60,1,12,10,5,9
ex1_226,60,1,12,10,5,5
ex1_226,60,1,12,10,5,4
ex1_226,60,1,12,10,5,10
ex1_226,60,1,12,10,5,8
ex1_226,60,1,12,10,5,7
xor5_254,60,1,12,10,5,5
xor5_254,60,1,12,10,5,3
xor5_254,60,1,12,10,5,8
xor5_254,60,1,12,10,5,9
xor5_254,60,1,12,10,5,10
xor5_254,60,1,12,10,5,4
xor5_254,60,1,12,10,5,1
xor5_254,60,1,12,10,5,7
xor5_254,60,1,12,10,5,2
xor5_254,60,1,12,9,5,6
4gt11_84,60,1,22,14,4,3
4gt11_84,60,1,22,13,4,7
4gt11_84,60,1,22,14,4,1
4gt11_84,60,1,22,13,4,9
4gt11_84,60,1,22,14,4,5
4gt11_84,60,1,22,14,4,8
4gt11_84,60,1,22,13,4,2
4gt11_84,60,1,22,14,4,10
4gt11_84,60,1,22,15,4,6
4gt11_84,60,1,22,14,4,4
ex-1_166,60,1,22,15,3,5
ex-1_166,60,1,22,16,3,1
ex-1_166,60,1,22,15,3,4
ex-1_166,60,1,22,16,3,8
ex-1_166,60,1,22,15,3,2
ex-1_166,60,1,22,16,3,10
ex-1_166,60,1,22,15,3,7
ex-1_166,60,1,22,16,3,3
ex-1_166,60,1,22,15,3,9
ex-1_166,60,1,22,15,3,6
4mod5-v0_20,60,1,24,13,4,8
4mod5-v0_20,60,1,24,13,4,2
4mod5-v0_20,60,1,24,13,4,3
4mod5-v0_20,60,1,24,13,4,1
4mod5-v0_20,60,1,24,13,4,10
4mod5-v0_20,60,1,24,13,4,9
4mod5-v0_20,60,1,24,13,4,6
4mod5-v0_20,60,1,24,13,4,4
4mod5-v0_20,60,1,24,13,4,5
4mod5-v0_20,60,1,24,13,4,7
ham3_102,60,1,24,17,4,8
ham3_102,60,1,24,17,4,5
ham3_102,60,1,24,17,4,3
ham3_102,60,1,24,18,4,6
ham3_102,60,1,24,17,4,1
ham3_102,60,1,24,17,4,9
ham3_102,60,1,24,16,4,4
ham3_102,60,1,24,17,4,7
ham3_102,60,1,24,17,4,2
ham3_102,60,1,24,16,4,10
4mod5-v1_22,60,1,26,15,5,6
4mod5-v1_22,60,1,26,15,5,5
4mod5-v1_22,60,1,26,17,5,8
4mod5-v1_22,60,1,26,15,5,10
4mod5-v1_22,60,1,26,16,5,4
4mod5-v1_22,60,1,26,16,5,3
4mod5-v1_22,60,1,26,15,5,2
4mod5-v1_22,60,1,26,16,5,1
4mod5-v1_22,60,1,26,16,5,9
4mod5-v1_22,60,1,26,17,5,7
mod5d1_63,60,1,28,17,6,8
mod5d1_63,60,1,28,17,6,4
mod5d1_63,60,1,28,17,6,3
mod5d1_63,60,1,28,17,6,7
mod5d1_63,60,1,28,17,6,9
mod5d1_63,60,1,28,17,6,1
mod5d1_63,60,1,28,17,6,10
mod5d1_63,60,1,28,17,6,2
mod5d1_63,60,1,28,17,6,6
mod5d1_63,60,1,28,18,6,5
4gt11_83,60,1,28,16,5,10
4gt11_83,60,1,28,16,5,6
4gt11_83,60,1,28,16,5,3
4gt11_83,60,1,28,16,5,9
4gt11_83,60,1,28,16,5,5
4gt11_83,60,1,28,16,5,1
4gt11_83,60,1,28,16,5,4
4gt11_83,60,1,28,16,5,7
4gt11_83,60,1,28,16,5,8
4gt11_83,60,1,28,16,5,2
4gt11_82,60,1,34,22,7,8
4gt11_82,60,1,34,22,7,7
4gt11_82,60,1,34,22,7,4
4gt11_82,60,1,34,22,7,10
4gt11_82,60,1,34,22,7,3
4gt11_82,60,1,34,22,7,1
4gt11_82,60,1,34,22,7,9
4gt11_82,60,1,34,22,7,2
4gt11_82,60,1,34,22,7,5
4gt11_82,60,1,34,22,7,6
rd32-v0_66,60,1,42,27,8,8
rd32-v0_66,60,1,42,28,8,6
rd32-v0_66,60,1,42,27,8,4
rd32-v0_66,60,1,42,27,8,7
rd32-v0_66,60,1,42,27,8,3
rd32-v0_66,60,1,42,27,8,5
rd32-v0_66,60,1,42,27,8,1
rd32-v0_66,60,1,42,28,8,10
rd32-v0_66,60,1,42,28,8,2
rd32-v0_66,60,1,42,28,8,9
4mod5-v0_19,60,1,40,24,5,7
4mod5-v0_19,60,1,40,24,5,5
4mod5-v0_19,60,1,40,24,5,4
4mod5-v0_19,60,1,40,23,5,1
4mod5-v0_19,60,1,40,23,5,3
4mod5-v0_19,60,1,40,24,5,6
4mod5-v0_19,60,1,40,23,5,2
4mod5-v0_19,60,1,40,24,5,9
4mod5-v0_19,60,1,40,23,5,8
4mod5-v0_19,60,1,40,24,5,10
mod5mils_65,60,1,41,23,6,2
mod5mils_65,60,1,41,23,6,3
mod5mils_65,60,1,41,23,6,1
mod5mils_65,60,1,41,23,6,5
mod5mils_65,60,1,41,23,6,7
mod5mils_65,60,1,41,23,6,9
mod5mils_65,60,1,41,23,6,4
mod5mils_65,60,1,41,23,6,6
mod5mils_65,60,1,41,23,6,8
mod5mils_65,60,1,41,23,6,10
3_17_13,60,1,43,28,7,10
3_17_13,60,1,43,28,7,1
3_17_13,60,1,43,30,7,9
3_17_13,60,1,43,29,7,3
3_17_13,60,1,43,29,7,7
3_17_13,60,1,43,28,7,8
3_17_13,60,1,43,30,7,4
3_17_13,60,1,43,29,7,5
3_17_13,60,1,43,29,7,2
3_17_13,60,1,43,30,7,6
4mod5-v1_24,60,1,43,28,7,2
4mod5-v1_24,60,1,43,27,7,9
4mod5-v1_24,60,1,43,27,7,4
4mod5-v1_24,60,1,43,26,7,7
4mod5-v1_24,60,1,43,26,7,5
4mod5-v1_24,60,1,43,25,7,6
4mod5-v1_24,60,1,43,24,7,1
4mod5-v1_24,60,1,43,25,7,8
4mod5-v1_24,60,1,43,28,7,3
4mod5-v1_24,60,1,43,27,7,10
alu-v0_27,60,1,44,26,8,9
alu-v0_27,60,1,44,27,8,3
alu-v0_27,60,1,44,25,8,2
alu-v0_27,60,1,44,27,8,10
alu-v0_27,60,1,44,27,8,7
alu-v0_27,60,1,44,26,8,1
alu-v0_27,60,1,44,26,8,5
alu-v0_27,60,1,44,26,8,6
alu-v0_27,60,1,44,27,8,4
alu-v0_27,60,1,44,27,8,8
rd32-v1_68,60,1,44,29,8,9
rd32-v1_68,60,1,44,28,8,4
rd32-v1_68,60,1,44,28,8,2
rd32-v1_68,60,1,44,28,8,10
rd32-v1_68,60,1,44,28,8,6
rd32-v1_68,60,1,44,28,8,5
rd32-v1_68,60,1,44,28,8,8
rd32-v1_68,60,1,44,30,8,3
rd32-v1_68,60,1,44,29,8,7
rd32-v1_68,60,1,44,27,8,1
alu-v1_28,60,1,44,27,7,10
alu-v1_28,60,1,44,27,7,7
alu-v1_28,60,1,44,27,7,3
alu-v1_28,60,1,44,27,7,6
alu-v1_28,60,1,44,27,7,5
alu-v1_28,60,1,44,27,7,4
alu-v1_28,60,1,44,27,7,9
alu-v1_28,60,1,44,28,7,1
alu-v1_28,60,1,44,27,7,2
alu-v1_28,60,1,44,27,7,8
alu-v1_29,60,1,44,26,7,7
alu-v1_29,60,1,44,25,7,6
alu-v1_29,60,1,44,26,7,2
alu-v1_29,60,1,44,26,7,4
alu-v1_29,60,1,44,25,7,5
alu-v1_29,60,1,44,25,7,9
alu-v1_29,60,1,44,26,7,8
alu-v1_29,60,1,44,26,7,1
alu-v1_29,60,1,44,25,7,10
alu-v1_29,60,1,44,25,7,3
alu-v2_33,60,1,46,29,9,4
alu-v2_33,60,1,46,29,9,3
alu-v2_33,60,1,46,29,9,2
alu-v2_33,60,1,46,31,9,1
alu-v2_33,60,1,46,28,9,5
alu-v2_33,60,1,46,28,9,8
alu-v2_33,60,1,46,29,9,9
alu-v2_33,60,1,46,29,9,10
alu-v2_33,60,1,46,31,9,7
alu-v2_33,60,1,46,29,9,6
alu-v3_35,60,1,43,25,6,2
alu-v3_35,60,1,43,23,6,3
alu-v3_35,60,1,43,25,6,6
alu-v3_35,60,1,43,24,6,8
alu-v3_35,60,1,43,23,6,4
alu-v3_35,60,1,43,24,6,7
alu-v3_35,60,1,43,23,6,9
alu-v3_35,60,1,43,25,6,1
alu-v3_35,60,1,43,24,6,10
alu-v3_35,60,1,43,23,6,5
alu-v4_37,60,1,45,27,8,9
alu-v4_37,60,1,45,27,8,1
alu-v4_37,60,1,45,27,8,2
alu-v4_37,60,1,45,26,8,6
alu-v4_37,60,1,45,27,8,3
alu-v4_37,60,1,45,27,8,8
alu-v4_37,60,1,45,28,8,10
alu-v4_37,60,1,45,28,8,7
alu-v4_37,60,1,45,28,8,5
alu-v4_37,60,1,45,27,8,4
miller_11,60,1,59,38,9,7
miller_11,60,1,59,39,9,2
miller_11,60,1,59,39,9,1
miller_11,60,1,59,38,9,8
miller_11,60,1,59,38,9,4
miller_11,60,1,59,38,9,10
miller_11,60,1,59,37,9,3
miller_11,60,1,59,38,9,5
miller_11,60,1,59,37,9,6
miller_11,60,1,59,38,9,9
decod24-v0_38,60,1,62,42,11,7
decod24-v0_38,60,1,62,43,11,5
decod24-v0_38,60,1,62,42,11,10
decod24-v0_38,60,1,62,42,11,3
decod24-v0_38,60,1,62,42,11,4
decod24-v0_38,60,1,62,41,11,6
decod24-v0_38,60,1,62,43,11,9
decod24-v0_38,60,1,62,43,11,2
decod24-v0_38,60,1,62,41,11,1
decod24-v0_38,60,1,62,42,11,8
alu-v3_34,60,1,59,34,7,10
alu-v3_34,60,1,59,34,7,3
alu-v3_34,60,1,59,33,7,1
alu-v3_34,60,1,59,34,7,4
alu-v3_34,60,1,59,34,7,2
alu-v3_34,60,1,59,33,7,7
alu-v3_34,60,1,59,34,7,8
alu-v3_34,60,1,59,33,7,5
alu-v3_34,60,1,59,34,7,6
alu-v3_34,60,1,59,34,7,9
decod24-v2_43,60,1,63,41,11,6
decod24-v2_43,60,1,63,40,11,5
decod24-v2_43,60,1,63,42,11,7
decod24-v2_43,60,1,63,43,11,1
decod24-v2_43,60,1,63,41,11,4
decod24-v2_43,60,1,63,41,11,10
decod24-v2_43,60,1,63,41,11,2
decod24-v2_43,60,1,63,42,11,9
decod24-v2_43,60,1,63,40,11,8
decod24-v2_43,60,1,63,42,11,3
mod5d2_64,60,1,64,38,11,4
mod5d2_64,60,1,64,40,11,1
mod5d2_64,60,1,64,39,11,8
mod5d2_64,60,1,64,39,11,3
mod5d2_64,60,1,64,39,11,5
mod5d2_64,60,1,64,39,11,6
mod5d2_64,60,1,64,40,11,7
mod5d2_64,60,1,64,42,11,9
mod5d2_64,60,1,64,38,11,2
mod5d2_64,60,1,64,39,11,10
4gt13_92,60,1,77,47,11,1
4gt13_92,60,1,77,46,11,7
4gt13_92,60,1,77,47,11,10
4gt13_92,60,1,77,47,11,8
4gt13_92,60,1,77,46,11,9
4gt13_92,60,1,77,47,11,6
4gt13_92,60,1,77,46,11,3
4gt13_92,60,1,77,47,11,2
4gt13_92,60,1,77,46,11,5
4gt13_92,60,1,77,46,11,4
4gt13-v1_93,60,1,79,47,11,2
4gt13-v1_93,60,1,79,47,11,10
4gt13-v1_93,60,1,79,47,11,3
4gt13-v1_93,60,1,79,47,11,8
4gt13-v1_93,60,1,79,47,11,4
4gt13-v1_93,60,1,79,47,11,5
4gt13-v1_93,60,1,79,47,11,6
4gt13-v1_93,60,1,79,47,11,7
4gt13-v1_93,60,1,79,47,11,1
4gt13-v1_93,60,1,79,47,11,9
4mod5-v0_18,60,1,81,47,12,1
4mod5-v0_18,60,1,81,46,12,4
4mod5-v0_18,60,1,81,47,12,5
4mod5-v0_18,60,1,81,47,12,3
4mod5-v0_18,60,1,81,46,12,8
4mod5-v0_18,60,1,81,47,12,2
4mod5-v0_18,60,1,81,46,12,9
4mod5-v0_18,60,1,81,47,12,10
4mod5-v0_18,60,1,81,47,12,7
4mod5-v0_18,60,1,81,47,12,6
4mod5-v1_23,60,1,81,48,12,6
4mod5-v1_23,60,1,81,48,12,8
4mod5-v1_23,60,1,81,48,12,5
4mod5-v1_23,60,1,81,48,12,4
4mod5-v1_23,60,1,81,47,12,9
4mod5-v1_23,60,1,81,49,12,3
4mod5-v1_23,60,1,81,47,12,10
4mod5-v1_23,60,1,81,48,12,1
4mod5-v1_23,60,1,81,48,12,7
4mod5-v1_23,60,1,81,47,12,2
one-two-three-v2_100,60,1,78,45,9,5
one-two-three-v2_100,60,1,78,46,9,4
one-two-three-v2_100,60,1,78,45,9,6
one-two-three-v2_100,60,1,78,46,9,8
one-two-three-v2_100,60,1,78,46,9,9
one-two-three-v2_100,60,1,78,46,9,7
one-two-three-v2_100,60,1,78,47,9,1
one-two-three-v2_100,60,1,78,47,9,10
one-two-three-v2_100,60,1,78,47,9,3
one-two-three-v2_100,60,1,78,45,9,2
4mod5-bdd_287,60,1,78,47,8,6
4mod5-bdd_287,60,1,78,46,8,1
4mod5-bdd_287,60,1,78,46,8,10
4mod5-bdd_287,60,1,78,46,8,7
4mod5-bdd_287,60,1,78,46,8,9
4mod5-bdd_287,60,1,78,46,8,3
4mod5-bdd_287,60,1,78,47,8,2
4mod5-bdd_287,60,1,78,46,8,8
4mod5-bdd_287,60,1,78,46,8,5
4mod5-bdd_287,60,1,78,47,8,4
one-two-three-v3_101,60,1,81,48,11,8
one-two-three-v3_101,60,1,81,49,11,6
one-two-three-v3_101,60,1,81,50,11,9
one-two-three-v3_101,60,1,81,50,11,1
one-two-three-v3_101,60,1,81,52,11,4
one-two-three-v3_101,60,1,81,49,11,3
one-two-three-v3_101,60,1,81,49,11,5
one-two-three-v3_101,60,1,81,49,11,2
one-two-three-v3_101,60,1,81,48,11,7
one-two-three-v3_101,60,1,81,49,11,10
qe_qft_4,60,1,76,39,5,5
qe_qft_4,60,1,76,40,5,7
qe_qft_4,60,1,76,39,5,8
qe_qft_4,60,1,76,38,5,2
qe_qft_4,60,1,76,39,5,4
qe_qft_4,60,1,76,40,5,6
qe_qft_4,60,1,76,38,5,1
qe_qft_4,60,1,76,39,5,3
qe_qft_4,60,1,76,40,5,9
qe_qft_4,60,1,76,38,5,10
decod24-bdd_294,60,1,83,46,10,7
decod24-bdd_294,60,1,83,47,10,8
decod24-bdd_294,60,1,83,47,10,4
decod24-bdd_294,60,1,83,47,10,9
decod24-bdd_294,60,1,83,48,10,5
decod24-bdd_294,60,1,83,46,10,3
decod24-bdd_294,60,1,83,48,10,2
decod24-bdd_294,60,1,83,48,10,10
decod24-bdd_294,60,1,83,47,10,1
decod24-bdd_294,60,1,83,47,10,6
4gt5_75,60,1,94,56,11,4
4gt5_75,60,1,94,56,11,2
4gt5_75,60,1,94,56,11,3
4gt5_75,60,1,94,55,11,7
4gt5_75,60,1,94,55,11,9
4gt5_75,60,1,94,56,11,5
4gt5_75,60,1,94,55,11,6
4gt5_75,60,1,94,55,11,1
4gt5_75,60,1,94,56,11,8
4gt5_75,60,1,94,56,11,10
alu-bdd_288,60,1,94,52,10,1
alu-bdd_288,60,1,94,52,10,3
alu-bdd_288,60,1,94,53,10,2
alu-bdd_288,60,1,94,52,10,6
alu-bdd_288,60,1,94,53,10,7
alu-bdd_288,60,1,94,52,10,5
alu-bdd_288,60,1,94,52,10,4
alu-bdd_288,60,1,94,52,10,8
alu-bdd_288,60,1,94,52,10,9
alu-bdd_288,60,1,94,52,10,10
alu-v0_26,60,1,98,60,14,9
alu-v0_26,60,1,98,61,14,7
alu-v0_26,60,1,98,61,14,3
alu-v0_26,60,1,98,61,14,4
alu-v0_26,60,1,98,60,14,6
alu-v0_26,60,1,98,61,14,8
alu-v0_26,60,1,98,62,14,1
alu-v0_26,60,1,98,61,14,10
alu-v0_26,60,1,98,59,14,2
alu-v0_26,60,1,98,59,14,5
rd32_270,60,1,98,55,14,9
rd32_270,60,1,98,58,14,6
rd32_270,60,1,98,57,14,4
rd32_270,60,1,98,56,14,2
rd32_270,60,1,98,54,14,7
rd32_270,60,1,98,57,14,5
rd32_270,60,1,98,56,14,8
rd32_270,60,1,98,54,14,3
rd32_270,60,1,98,55,14,10
rd32_270,60,1,98,57,14,1
decod24-v1_41,60,1,97,58,12,8
decod24-v1_41,60,1,97,59,12,1
decod24-v1_41,60,1,97,58,12,2
decod24-v1_41,60,1,97,59,12,3
decod24-v1_41,60,1,97,58,12,7
decod24-v1_41,60,1,97,58,12,9
decod24-v1_41,60,1,97,58,12,6
decod24-v1_41,60,1,97,58,12,10
decod24-v1_41,60,1,97,58,12,5
decod24-v1_41,60,1,97,58,12,4
4gt5_76,60,1,103,67,12,9
4gt5_76,60,1,103,67,12,10
4gt5_76,60,1,103,67,12,1
4gt5_76,60,1,103,67,12,7
4gt5_76,60,1,103,67,12,5
4gt5_76,60,1,103,67,12,3
4gt5_76,60,1,103,67,12,2
4gt5_76,60,1,103,67,12,8
4gt5_76,60,1,103,67,12,4
4gt5_76,60,1,103,67,12,6
4gt13_91,60,1,116,71,13,5
4gt13_91,60,1,116,71,13,6
4gt13_91,60,1,116,72,13,8
4gt13_91,60,1,116,71,13,9
4gt13_91,60,1,116,70,13,7
4gt13_91,60,1,116,72,13,4
4gt13_91,60,1,116,71,13,3
4gt13_91,60,1,116,71,13,10
4gt13_91,60,1,116,72,13,2
4gt13_91,60,1,116,71,13,1
4gt13_90,60,1,123,77,16,6
4gt13_90,60,1,123,78,16,5
4gt13_90,60,1,123,78,16,2
4gt13_90,60,1,123,78,16,4
4gt13_90,60,1,123,78,16,8
4gt13_90,60,1,123,77,16,1
4gt13_90,60,1,123,78,16,3
4gt13_90,60,1,123,77,16,7
4gt13_90,60,1,123,79,16,10
4gt13_90,60,1,123,78,16,9
qe_qft_5,60,1,109,53,2,9
qe_qft_5,60,1,109,53,2,10
qe_qft_5,60,1,109,53,2,4
qe_qft_5,60,1,109,53,2,8
qe_qft_5,60,1,109,53,2,1
qe_qft_5,60,1,109,53,2,5
qe_qft_5,60,1,109,53,2,7
qe_qft_5,60,1,109,53,2,6
qe_qft_5,60,1,109,53,2,3
qe_qft_5,60,1,109,53,2,2
alu-v4_36,60,1,129,78,14,6
alu-v4_36,60,1,129,79,14,10
alu-v4_36,60,1,129,78,14,1
alu-v4_36,60,1,129,79,14,8
alu-v4_36,60,1,129,78,14,2
alu-v4_36,60,1,129,76,14,3
alu-v4_36,60,1,129,79,14,4
alu-v4_36,60,1,129,78,14,5
alu-v4_36,60,1,129,78,14,7
alu-v4_36,60,1,129,76,14,9
4gt5_77,60,1,147,84,16,4
4gt5_77,60,1,145,85,14,3
4gt5_77,60,1,147,87,16,5
4gt5_77,60,1,145,86,14,1
4gt5_77,60,1,145,85,14,6
4gt5_77,60,1,145,86,14,2
4gt5_77,60,1,145,86,14,9
4gt5_77,60,1,145,86,14,10
4gt5_77,60,1,145,86,14,7
4gt5_77,60,1,147,85,16,8
one-two-three-v1_99,60,1,153,91,21,9
one-two-three-v1_99,60,1,153,94,21,5
one-two-three-v1_99,60,1,153,94,21,2
one-two-three-v1_99,60,1,152,93,20,7
one-two-three-v1_99,60,1,153,94,21,1
one-two-three-v1_99,60,1,153,92,21,3
one-two-three-v1_99,60,1,154,93,22,6
one-two-three-v1_99,60,1,153,91,21,4
one-two-three-v1_99,60,1,153,92,21,10
one-two-three-v1_99,60,1,153,89,21,8
rd53_138,60,1,145,76,13,5
rd53_138,60,1,143,76,11,7
rd53_138,60,1,143,75,11,6
rd53_138,60,1,143,76,11,3
rd53_138,60,1,143,75,11,9
rd53_138,60,1,145,74,13,4
rd53_138,60,1,143,76,11,2
rd53_138,60,1,143,75,11,10
rd53_138,60,1,143,76,11,1
rd53_138,60,1,143,76,11,8
one-two-three-v0_98,60,1,165,96,19,4
one-two-three-v0_98,60,1,165,95,19,3
one-two-three-v0_98,60,1,165,96,19,2
one-two-three-v0_98,60,1,165,95,19,10
one-two-three-v0_98,60,1,165,95,19,1
one-two-three-v0_98,60,1,165,99,19,8
one-two-three-v0_98,60,1,165,96,19,9
one-two-three-v0_98,60,1,165,99,19,6
one-two-three-v0_98,60,1,165,97,19,5
one-two-three-v0_98,60,1,165,99,19,7
4gt10-v1_81,60,1,169,103,21,3
4gt10-v1_81,60,1,168,102,20,7
4gt10-v1_81,60,1,168,102,20,4
4gt10-v1_81,60,1,168,102,20,9
4gt10-v1_81,60,1,168,104,20,1
4gt10-v1_81,60,1,168,105,20,2
4gt10-v1_81,60,1,168,100,20,10
4gt10-v1_81,60,1,168,102,20,5
4gt10-v1_81,60,1,168,103,20,8
4gt10-v1_81,60,1,168,103,20,6
decod24-v3_45,60,1,170,100,20,4
decod24-v3_45,60,1,168,95,18,8
decod24-v3_45,60,1,167,99,17,6
decod24-v3_45,60,1,170,97,20,1
decod24-v3_45,60,1,169,102,19,2
decod24-v3_45,60,1,167,100,17,5
decod24-v3_45,60,1,170,98,20,9
decod24-v3_45,60,1,170,101,20,3
decod24-v3_45,60,1,170,98,20,7
decod24-v3_45,60,1,170,99,20,10
aj-e11_165,60,1,172,108,21,6
aj-e11_165,60,1,172,106,21,9
aj-e11_165,60,1,172,106,21,7
aj-e11_165,60,1,172,107,21,2
aj-e11_165,60,1,172,107,21,4
aj-e11_165,60,1,172,108,21,1
aj-e11_165,60,1,172,105,21,5
aj-e11_165,60,1,172,107,21,3
aj-e11_165,60,1,172,106,21,8
aj-e11_165,60,1,172,109,21,10
4mod7-v0_94,60,1,177,102,15,4
4mod7-v0_94,60,1,177,102,15,3
4mod7-v0_94,60,1,177,102,15,6
4mod7-v0_94,60,1,177,102,15,9
4mod7-v0_94,60,1,178,106,16,1
4mod7-v0_94,60,1,177,102,15,5
4mod7-v0_94,60,1,177,102,15,2
4mod7-v0_94,60,1,177,102,15,7
4mod7-v0_94,60,1,177,102,15,8
4mod7-v0_94,60,1,179,104,17,10
alu-v2_32,60,1,186,114,23,6
alu-v2_32,60,1,186,116,23,10
alu-v2_32,60,1,186,112,23,4
alu-v2_32,60,1,186,113,23,9
alu-v2_32,60,1,186,113,23,3
alu-v2_32,60,1,186,111,23,1
alu-v2_32,60,1,186,112,23,2
alu-v2_32,60,1,186,113,23,8
alu-v2_32,60,1,186,113,23,5
alu-v2_32,60,1,186,112,23,7
4mod7-v1_96,60,1,183,105,19,3
4mod7-v1_96,60,1,183,103,19,8
4mod7-v1_96,60,1,183,104,19,6
4mod7-v1_96,60,1,183,109,19,7
4mod7-v1_96,60,1,183,105,19,2
4mod7-v1_96,60,1,183,105,19,10
4mod7-v1_96,60,1,184,106,20,5
4mod7-v1_96,60,1,183,107,19,1
4mod7-v1_96,60,1,185,111,21,9
4mod7-v1_96,60,1,184,108,20,4
mini_alu_305,60,1,190,87,17,8
mini_alu_305,60,1,190,86,17,4
mini_alu_305,60,1,190,87,17,10
mini_alu_305,60,1,190,87,17,3
mini_alu_305,60,1,190,89,17,6
mini_alu_305,60,1,190,87,17,5
mini_alu_305,60,1,190,85,17,1
mini_alu_305,60,1,189,86,16,2
mini_alu_305,60,1,190,87,17,9
mini_alu_305,60,1,190,87,17,7
cnt3-5_179,60,1,201,92,26,4
cnt3-5_179,60,1,200,79,25,3
cnt3-5_179,60,1,197,77,22,6
cnt3-5_179,60,1,199,78,24,10
cnt3-5_179,60,1,199,81,24,2
cnt3-5_179,60,1,201,81,26,8
cnt3-5_179,60,1,201,78,26,5
cnt3-5_179,60,1,199,78,24,1
cnt3-5_179,60,1,201,93,26,7
cnt3-5_179,60,1,202,78,27,9
mod10_176,60,1,200,123,22,4
mod10_176,60,1,199,121,21,8
mod10_176,60,1,200,121,22,6
mod10_176,60,1,200,122,22,3
mod10_176,60,1,199,122,21,5
mod10_176,60,1,200,123,22,2
mod10_176,60,1,199,123,21,1
mod10_176,60,1,200,122,22,10
mod10_176,60,1,200,123,22,7
mod10_176,60,1,199,121,21,9
4gt4-v0_80,60,1,195,109,16,6
4gt4-v0_80,60,1,195,108,16,7
4gt4-v0_80,60,1,195,109,16,1
4gt4-v0_80,60,1,196,111,17,9
4gt4-v0_80,60,1,195,109,16,10
4gt4-v0_80,60,1,195,112,16,4
4gt4-v0_80,60,1,195,109,16,8
4gt4-v0_80,60,1,195,108,16,3
4gt4-v0_80,60,1,195,108,16,5
4gt4-v0_80,60,1,195,108,16,2
4gt12-v0_88,60,1,213,121,19,2
4gt12-v0_88,60,1,215,123,21,1
4gt12-v0_88,60,1,215,120,21,6
4gt12-v0_88,60,1,213,122,19,9
4gt12-v0_88,60,1,213,125,19,4
4gt12-v0_88,60,1,214,123,20,10
4gt12-v0_88,60,1,213,119,19,7
4gt12-v0_88,60,1,213,120,19,8
4gt12-v0_88,60,1,215,122,21,5
4gt12-v0_88,60,1,213,120,19,3
qft_10,60,1,226,121,26,4
qft_10,60,1,225,117,25,1
qft_10,60,1,226,121,26,8
qft_10,60,1,226,124,26,3
qft_10,60,1,225,122,25,10
qft_10,60,1,225,111,25,6
qft_10,60,1,226,125,26,7
qft_10,60,1,225,135,25,5
qft_10,60,1,226,113,26,9
qft_10,60,1,226,121,26,2
0410184_169,60,1,243,132,32,1
0410184_169,60,1,241,130,30,6
0410184_169,60,1,244,137,33,10
0410184_169,60,1,245,132,34,5
0410184_169,60,1,244,139,33,4
0410184_169,60,1,242,130,31,9
0410184_169,60,1,242,132,31,7
0410184_169,60,1,242,131,31,2
0410184_169,60,1,241,135,30,8
0410184_169,60,1,241,132,30,3
sys6-v0_111,60,1,234,98,19,10
sys6-v0_111,60,1,235,99,20,3
sys6-v0_111,60,1,236,100,21,1
sys6-v0_111,60,1,235,100,20,2
sys6-v0_111,60,1,236,99,21,5
sys6-v0_111,60,1,235,102,20,6
sys6-v0_111,60,1,236,110,21,9
sys6-v0_111,60,1,236,102,21,7
sys6-v0_111,60,1,234,94,19,4
sys6-v0_111,60,1,234,96,19,8
4_49_16,60,1,247,152,30,6
4_49_16,60,1,243,152,26,8
4_49_16,60,1,245,148,28,4
4_49_16,60,1,243,150,26,10
4_49_16,60,1,247,148,30,1
4_49_16,60,1,245,145,28,2
4_49_16,60,1,248,153,31,5
4_49_16,60,1,245,143,28,3
4_49_16,60,1,246,149,29,9
4_49_16,60,1,246,144,29,7
4gt12-v1_89,60,1,241,137,13,6
4gt12-v1_89,60,1,241,137,13,4
4gt12-v1_89,60,1,241,137,13,3
4gt12-v1_89,60,1,241,137,13,7
4gt12-v1_89,60,1,241,137,13,10
4gt12-v1_89,60,1,241,137,13,2
4gt12-v1_89,60,1,241,137,13,8
4gt12-v1_89,60,1,241,137,13,1
4gt12-v1_89,60,1,241,137,13,5
4gt12-v1_89,60,1,241,137,13,9
rd73_140,60,1,258,135,28,1
rd73_140,60,1,256,122,26,2
rd73_140,60,1,256,121,26,6
rd73_140,60,1,256,112,26,3
rd73_140,60,1,254,117,24,7
rd73_140,60,1,256,119,26,5
rd73_140,60,1,256,120,26,10
rd73_140,60,1,256,106,26,9
rd73_140,60,1,256,111,26,8
rd73_140,60,1,256,115,26,4
4gt4-v0_79,60,1,251,150,20,5
4gt4-v0_79,60,1,249,145,18,3
4gt4-v0_79,60,1,250,148,19,6
4gt4-v0_79,60,1,251,146,20,7
4gt4-v0_79,60,1,249,145,18,1
4gt4-v0_79,60,1,250,143,19,8
4gt4-v0_79,60,1,250,147,19,9
4gt4-v0_79,60,1,251,148,20,2
4gt4-v0_79,60,1,251,147,20,10
4gt4-v0_79,60,1,250,147,19,4
hwb4_49,60,1,268,167,35,3
hwb4_49,60,1,268,163,35,2
hwb4_49,60,1,268,167,35,8
hwb4_49,60,1,265,162,32,9
hwb4_49,60,1,265,162,32,10
hwb4_49,60,1,266,151,33,6
hwb4_49,60,1,268,164,35,5
hwb4_49,60,1,267,162,34,1
hwb4_49,60,1,267,167,34,4
hwb4_49,60,1,267,161,34,7
4gt4-v0_78,60,1,255,152,20,6
4gt4-v0_78,60,1,256,154,21,8
4gt4-v0_78,60,1,257,153,22,10
4gt4-v0_78,60,1,254,151,19,3
4gt4-v0_78,60,1,256,153,21,1
4gt4-v0_78,60,1,256,152,21,9
4gt4-v0_78,60,1,255,150,20,2
4gt4-v0_78,60,1,255,153,20,4
4gt4-v0_78,60,1,256,155,21,5
4gt4-v0_78,60,1,256,149,21,7
mod10_171,60,1,277,163,33,9
mod10_171,60,1,278,168,34,10
mod10_171,60,1,278,171,34,3
mod10_171,60,1,279,167,35,4
mod10_171,60,1,278,167,34,8
mod10_171,60,1,278,171,34,6
mod10_171,60,1,276,160,32,2
mod10_171,60,1,276,161,32,1
mod10_171,60,1,278,167,34,5
mod10_171,60,1,278,163,34,7
4gt12-v0_87,60,1,264,145,17,10
4gt12-v0_87,60,1,266,147,19,6
4gt12-v0_87,60,1,265,147,18,4
4gt12-v0_87,60,1,264,143,17,8
4gt12-v0_87,60,1,264,145,17,3
4gt12-v0_87,60,1,265,145,18,9
4gt12-v0_87,60,1,265,145,18,5
4gt12-v0_87,60,1,264,144,17,2
4gt12-v0_87,60,1,264,143,17,7
4gt12-v0_87,60,1,265,146,18,1
4gt12-v0_86,60,1,270,150,19,6
4gt12-v0_86,60,1,270,153,19,10
4gt12-v0_86,60,1,270,150,19,8
4gt12-v0_86,60,1,270,148,19,4
4gt12-v0_86,60,1,270,148,19,3
4gt12-v0_86,60,1,270,151,19,1
4gt12-v0_86,60,1,270,149,19,5
4gt12-v0_86,60,1,270,150,19,2
4gt12-v0_86,60,1,270,150,19,7
4gt12-v0_86,60,1,270,151,19,9
4gt4-v0_72,60,1,275,148,17,6
4gt4-v0_72,60,1,276,156,18,2
4gt4-v0_72,60,1,275,148,17,4
4gt4-v0_72,60,1,276,146,18,3
4gt4-v0_72,60,1,276,150,18,9
4gt4-v0_72,60,1,274,156,16,1
4gt4-v0_72,60,1,275,147,17,5
4gt4-v0_72,60,1,275,148,17,10
4gt4-v0_72,60,1,275,146,17,7
4gt4-v0_72,60,1,276,146,18,8
sym6_316,60,1,307,165,37,8
sym6_316,60,1,305,158,35,4
sym6_316,60,1,305,163,35,5
sym6_316,60,1,305,154,35,7
sym6_316,60,1,304,163,34,2
sym6_316,60,1,304,158,34,3
sym6_316,60,1,305,171,35,6
sym6_316,60,1,302,162,32,10
sym6_316,60,1,302,152,32,9
sym6_316,60,1,306,172,36,1
4gt4-v1_74,60,1,297,176,24,1
4gt4-v1_74,60,1,300,178,27,4
4gt4-v1_74,60,1,297,172,24,10
4gt4-v1_74,60,1,297,172,24,6
4gt4-v1_74,60,1,298,168,25,8
4gt4-v1_74,60,1,299,177,26,3
4gt4-v1_74,60,1,295,169,22,2
4gt4-v1_74,60,1,299,174,26,7
4gt4-v1_74,60,1,300,172,27,9
4gt4-v1_74,60,1,295,170,22,5
rd53_311,60,1,311,165,36,8
rd53_311,60,1,313,162,38,1
rd53_311,60,1,311,159,36,9
rd53_311,60,1,311,160,36,3
rd53_311,60,1,309,146,34,4
rd53_311,60,1,313,148,38,6
rd53_311,60,1,308,144,33,5
rd53_311,60,1,312,158,37,2
rd53_311,60,1,309,141,34,10
rd53_311,60,1,313,166,38,7
mini-alu_167,60,1,330,202,42,10
mini-alu_167,60,1,334,205,46,8
mini-alu_167,60,1,332,203,44,6
mini-alu_167,60,1,332,198,44,3
mini-alu_167,60,1,333,197,45,1
mini-alu_167,60,1,333,202,45,7
mini-alu_167,60,1,327,194,39,9
mini-alu_167,60,1,333,203,45,2
mini-alu_167,60,1,330,197,42,4
mini-alu_167,60,1,337,201,49,5
one-two-three-v0_97,60,1,333,200,43,2
one-two-three-v0_97,60,1,331,197,41,3
one-two-three-v0_97,60,1,334,199,44,5
one-two-three-v0_97,60,1,333,197,43,8
one-two-three-v0_97,60,1,332,201,42,9
one-two-three-v0_97,60,1,333,204,43,6
one-two-three-v0_97,60,1,333,201,43,7
one-two-three-v0_97,60,1,334,203,44,4
one-two-three-v0_97,60,1,328,196,38,1
one-two-three-v0_97,60,1,330,200,40,10
rd53_135,60,1,336,195,40,4
rd53_135,60,1,329,186,33,5
rd53_135,60,1,325,178,29,3
rd53_135,60,1,331,184,35,6
rd53_135,60,1,329,191,33,1
rd53_135,60,1,331,180,35,8
rd53_135,60,1,326,183,30,2
rd53_135,60,1,327,182,31,9
rd53_135,60,1,333,195,37,7
rd53_135,60,1,329,181,33,10
ham7_104,60,1,347,197,27,4
ham7_104,60,1,346,202,26,2
ham7_104,60,1,342,199,22,8
ham7_104,60,1,347,203,27,1
ham7_104,60,1,344,199,24,6
ham7_104,60,1,348,208,28,7
ham7_104,60,1,344,197,24,10
ham7_104,60,1,344,198,24,5
ham7_104,60,1,346,203,26,3
ham7_104,60,1,342,197,22,9
sym9_146,60,1,375,183,47,4
sym9_146,60,1,370,178,42,5
sym9_146,60,1,374,169,46,6
sym9_146,60,1,371,187,43,2
sym9_146,60,1,372,201,44,1
sym9_146,60,1,377,180,49,7
sym9_146,60,1,374,182,46,9
sym9_146,60,1,375,190,47,8
sym9_146,60,1,374,175,46,3
sym9_146,60,1,374,195,46,10
decod24-enable_126,60,1,371,219,33,6
decod24-enable_126,60,1,371,221,33,4
decod24-enable_126,60,1,371,222,33,2
decod24-enable_126,60,1,370,220,32,8
decod24-enable_126,60,1,370,216,32,10
decod24-enable_126,60,1,370,219,32,5
decod24-enable_126,60,1,371,220,33,1
decod24-enable_126,60,1,370,211,32,7
decod24-enable_126,60,1,371,222,33,3
decod24-enable_126,60,1,370,218,32,9
mod8-10_178,60,1,364,210,22,5
mod8-10_178,60,1,363,205,21,4
mod8-10_178,60,1,362,211,20,8
mod8-10_178,60,1,362,205,20,1
mod8-10_178,60,1,365,210,23,10
mod8-10_178,60,1,364,208,22,9
mod8-10_178,60,1,365,211,23,6
mod8-10_178,60,1,362,208,20,3
mod8-10_178,60,1,364,213,22,2
mod8-10_178,60,1,362,209,20,7
rd84_142,60,1,398,153,55,7
rd84_142,60,1,393,189,50,8
rd84_142,60,1,391,172,48,3
rd84_142,60,1,394,221,51,4
rd84_142,60,1,398,181,55,6
rd84_142,60,1,398,179,55,2
rd84_142,60,1,394,203,51,1
rd84_142,60,1,397,205,54,9
rd84_142,60,1,398,182,55,10
rd84_142,60,1,396,202,53,5
4gt4-v0_73,60,1,426,254,31,8
4gt4-v0_73,60,1,428,248,33,10
4gt4-v0_73,60,1,429,260,34,3
4gt4-v0_73,60,1,426,248,31,5
4gt4-v0_73,60,1,427,251,32,6
4gt4-v0_73,60,1,433,258,38,7
4gt4-v0_73,60,1,430,257,35,4
4gt4-v0_73,60,1,431,258,36,9
4gt4-v0_73,60,1,426,254,31,2
4gt4-v0_73,60,1,429,250,34,1
ex3_229,60,1,428,248,25,6
ex3_229,60,1,429,248,26,2
ex3_229,60,1,429,249,26,9
ex3_229,60,1,429,246,26,10
ex3_229,60,1,428,246,25,5
ex3_229,60,1,430,248,27,4
ex3_229,60,1,428,247,25,7
ex3_229,60,1,428,247,25,3
ex3_229,60,1,429,246,26,1
ex3_229,60,1,430,243,27,8
mod8-10_177,60,1,473,275,33,4
mod8-10_177,60,1,473,277,33,2
mod8-10_177,60,1,470,271,30,6
mod8-10_177,60,1,472,272,32,3
mod8-10_177,60,1,476,277,36,10
mod8-10_177,60,1,471,276,31,1
mod8-10_177,60,1,472,274,32,7
mod8-10_177,60,1,472,273,32,5
mod8-10_177,60,1,471,272,31,9
mod8-10_177,60,1,472,276,32,8
alu-v2_31,60,1,520,314,69,6
alu-v2_31,60,1,519,313,68,8
alu-v2_31,60,1,524,317,73,4
alu-v2_31,60,1,517,316,66,5
alu-v2_31,60,1,522,318,71,10
alu-v2_31,60,1,525,321,74,9
alu-v2_31,60,1,524,325,73,3
alu-v2_31,60,1,522,318,71,7
alu-v2_31,60,1,528,315,77,2
alu-v2_31,60,1,520,316,69,1
C17_204,60,1,502,283,35,3
C17_204,60,1,503,277,36,1
C17_204,60,1,504,280,37,10
C17_204,60,1,498,278,31,4
C17_204,60,1,502,281,35,5
C17_204,60,1,501,278,34,8
C17_204,60,1,507,286,40,7
C17_204,60,1,503,282,36,2
C17_204,60,1,502,281,35,6
C17_204,60,1,500,277,33,9
rd53_131,60,1,512,287,43,6
rd53_131,60,1,517,298,48,2
rd53_131,60,1,509,288,40,1
rd53_131,60,1,506,282,37,10
rd53_131,60,1,510,289,41,8
rd53_131,60,1,514,294,45,9
rd53_131,60,1,509,283,40,4
rd53_131,60,1,516,294,47,7
rd53_131,60,1,515,299,46,3
rd53_131,60,1,503,284,34,5
ising_model_10,60,1,486,88,6,4
ising_model_10,60,1,486,88,6,5
ising_model_10,60,1,486,89,6,10
ising_model_10,60,1,486,89,6,6
ising_model_10,60,1,486,90,6,8
ising_model_10,60,1,486,89,6,1
ising_model_10,60,1,486,90,6,9
ising_model_10,60,1,486,88,6,3
ising_model_10,60,1,486,88,6,2
ising_model_10,60,1,486,88,6,7
cnt3-5_180,60,1,542,289,57,5
cnt3-5_180,60,1,549,288,64,9
cnt3-5_180,60,1,547,275,62,8
cnt3-5_180,60,1,549,282,64,2
cnt3-5_180,60,1,546,289,61,4
cnt3-5_180,60,1,550,295,65,10
cnt3-5_180,60,1,549,264,64,3
cnt3-5_180,60,1,543,269,58,7
cnt3-5_180,60,1,545,268,60,6
cnt3-5_180,60,1,544,276,59,1
alu-v2_30,60,1,549,325,45,6
alu-v2_30,60,1,547,324,43,8
alu-v2_30,60,1,550,321,46,10
alu-v2_30,60,1,550,323,46,2
alu-v2_30,60,1,552,330,48,3
alu-v2_30,60,1,545,314,41,4
alu-v2_30,60,1,543,312,39,9
alu-v2_30,60,1,552,316,48,1
alu-v2_30,60,1,544,318,40,7
alu-v2_30,60,1,549,323,45,5
qft_16,60,1,593,290,81,1
qft_16,60,1,595,311,83,2
qft_16,60,1,594,269,82,3
qft_16,60,1,595,229,83,4
qft_16,60,1,593,324,81,5
qft_16,60,1,592,255,80,6
qft_16,60,1,594,277,82,7
qft_16,60,1,593,282,81,8
qft_16,60,1,596,296,84,9
qft_16,60,1,593,323,81,10
mod5adder_127,60,1,602,341,47,7
mod5adder_127,60,1,593,335,38,6
mod5adder_127,60,1,603,348,48,5
mod5adder_127,60,1,597,337,42,9
mod5adder_127,60,1,597,330,42,8
mod5adder_127,60,1,600,342,45,3
mod5adder_127,60,1,597,335,42,1
mod5adder_127,60,1,594,336,39,4
mod5adder_127,60,1,597,338,42,2
mod5adder_127,60,1,597,341,42,10
rd53_133,60,1,625,362,45,1
rd53_133,60,1,634,375,54,5
rd53_133,60,1,629,366,49,2
rd53_133,60,1,635,369,55,3
rd53_133,60,1,628,362,48,4
rd53_133,60,1,630,369,50,7
rd53_133,60,1,625,366,45,6
rd53_133,60,1,632,368,52,9
rd53_133,60,1,622,361,42,8
rd53_133,60,1,634,371,54,10
majority_239,60,1,658,377,46,8
majority_239,60,1,680,404,68,5
majority_239,60,1,660,379,48,6
majority_239,60,1,666,388,54,7
majority_239,60,1,654,377,42,10
majority_239,60,1,665,387,53,4
majority_239,60,1,673,388,61,2
majority_239,60,1,674,408,62,3
majority_239,60,1,677,394,65,1
majority_239,60,1,667,385,55,9
ex2_227,60,1,701,409,70,9
ex2_227,60,1,693,405,62,7
ex2_227,60,1,706,407,75,3
ex2_227,60,1,689,400,58,1
ex2_227,60,1,693,411,62,8
ex2_227,60,1,707,415,76,5
ex2_227,60,1,695,407,64,6
ex2_227,60,1,708,422,77,2
ex2_227,60,1,703,409,72,4
ex2_227,60,1,712,423,81,10
ising_model_13,60,1,641,115,8,3
ising_model_13,60,1,641,115,8,8
ising_model_13,60,1,641,122,8,7
ising_model_13,60,1,641,116,8,4
ising_model_13,60,1,641,115,8,6
ising_model_13,60,1,641,116,8,1
ising_model_13,60,1,641,120,8,2
ising_model_13,60,1,641,115,8,5
ising_model_13,60,1,641,116,8,9
ising_model_13,60,1,641,115,8,10
cm82a_208,60,1,695,374,45,1
cm82a_208,60,1,705,400,55,7
cm82a_208,60,1,713,398,63,10
cm82a_208,60,1,698,385,48,9
cm82a_208,60,1,699,388,49,4
cm82a_208,60,1,704,383,54,5
cm82a_208,60,1,715,405,65,3
cm82a_208,60,1,707,390,57,2
cm82a_208,60,1,699,390,49,8
cm82a_208,60,1,683,370,33,6
sf_276,60,1,807,461,29,10
sf_276,60,1,812,459,34,2
sf_276,60,1,814,464,36,7
sf_276,60,1,813,466,35,5
sf_276,60,1,809,461,31,8
sf_276,60,1,812,468,34,3
sf_276,60,1,812,469,34,9
sf_276,60,1,810,462,32,1
sf_276,60,1,817,464,39,6
sf_276,60,1,815,464,37,4
sf_274,60,1,807,459,26,10
sf_274,60,1,807,452,26,1
sf_274,60,1,805,457,24,8
sf_274,60,1,803,452,22,3
sf_274,60,1,807,457,26,7
sf_274,60,1,804,449,23,5
sf_274,60,1,802,451,21,6
sf_274,60,1,809,457,28,4
sf_274,60,1,804,453,23,2
sf_274,60,1,808,457,27,9
ising_model_16,60,1,799,121,13,4
ising_model_16,60,1,799,119,13,6
ising_model_16,60,1,799,128,13,9
ising_model_16,60,1,798,116,12,3
ising_model_16,60,1,798,116,12,10
ising_model_16,60,1,798,116,12,5
ising_model_16,60,1,798,157,12,2
ising_model_16,60,1,799,126,13,8
ising_model_16,60,1,799,117,13,1
ising_model_16,60,1,798,157,12,7
con1_216,60,1,1098,641,144,5
con1_216,60,1,1092,635,138,9
con1_216,60,1,1086,643,132,1
con1_216,60,1,1086,618,132,3
con1_216,60,1,1087,617,133,7
con1_216,60,1,1094,634,140,10
con1_216,60,1,1086,610,132,6
con1_216,60,1,1095,645,141,2
con1_216,60,1,1094,651,140,4
con1_216,60,1,1073,611,119,8
wim_266,60,1,1113,623,127,4
wim_266,60,1,1117,607,131,2
wim_266,60,1,1099,602,113,5
wim_266,60,1,1115,641,129,7
wim_266,60,1,1109,626,123,6
wim_266,60,1,1112,635,126,1
wim_266,60,1,1113,624,127,8
wim_266,60,1,1107,632,121,9
wim_266,60,1,1094,606,108,3
wim_266,60,1,1092,615,106,10
rd53_130,60,20,1138,647,95,10
rd53_130,60,20,1132,637,89,7
rd53_130,60,20,1172,673,129,9
rd53_130,60,20,1182,692,139,5
rd53_130,60,20,1181,694,138,6
rd53_130,60,20,1162,676,119,3
rd53_130,60,20,1181,695,138,4
rd53_130,60,20,1124,646,81,8
rd53_130,60,20,1150,663,107,1
rd53_130,60,20,1151,653,108,2
f2_232,60,20,1303,748,97,7
f2_232,60,20,1305,747,99,2
f2_232,60,20,1307,753,101,3
f2_232,60,20,1308,756,102,10
f2_232,60,20,1289,739,83,8
f2_232,60,20,1316,760,110,9
f2_232,60,20,1306,751,100,6
f2_232,60,20,1314,762,108,4
f2_232,60,20,1308,751,102,1
f2_232,60,20,1285,736,79,5
cm152a_212,60,20,1314,753,93,10
cm152a_212,60,20,1336,768,115,5
cm152a_212,60,20,1322,763,101,6
cm152a_212,60,20,1320,741,99,4
cm152a_212,60,20,1323,759,102,7
cm152a_212,60,20,1329,761,108,8
cm152a_212,60,20,1312,745,91,3
cm152a_212,60,20,1334,770,113,2
cm152a_212,60,20,1317,755,96,1
cm152a_212,60,20,1324,758,103,9
rd53_251,60,20,1400,798,109,6
rd53_251,60,20,1396,805,105,2
rd53_251,60,20,1387,791,96,5
rd53_251,60,20,1404,803,113,9
rd53_251,60,20,1388,788,97,8
rd53_251,60,20,1402,798,111,1
rd53_251,60,20,1404,807,113,10
rd53_251,60,20,1398,797,107,4
rd53_251,60,20,1406,804,115,3
rd53_251,60,20,1402,807,111,7
hwb5_53,60,20,1465,868,129,3
hwb5_53,60,20,1449,856,113,9
hwb5_53,60,20,1474,867,138,2
hwb5_53,60,20,1457,861,121,4
hwb5_53,60,20,1467,868,131,10
hwb5_53,60,20,1453,846,117,8
hwb5_53,60,20,1427,836,91,5
hwb5_53,60,20,1432,834,96,6
hwb5_53,60,20,1449,855,113,1
hwb5_53,60,20,1450,856,114,7
cm42a_207,60,20,1887,1047,111,4
cm42a_207,60,20,1896,1053,120,1
cm42a_207,60,20,1900,1060,124,3
cm42a_207,60,20,1896,1051,120,2
cm42a_207,60,20,1917,1077,141,6
cm42a_207,60,20,1898,1043,122,5
cm42a_207,60,20,1896,1049,120,7
cm42a_207,60,20,1930,1094,154,8
cm42a_207,60,20,1899,1052,123,9
cm42a_207,60,20,1902,1061,126,10
pm1_249,60,20,1896,1048,120,2
pm1_249,60,20,1900,1069,124,6
pm1_249,60,20,1899,1074,123,8
pm1_249,60,20,1898,1047,122,4
pm1_249,60,20,1902,1060,126,10
pm1_249,60,20,1896,1049,120,9
pm1_249,60,20,1929,1077,153,3
pm1_249,60,20,1899,1065,123,1
pm1_249,60,20,1896,1054,120,7
pm1_249,60,20,1900,1062,124,5
dc1_220,60,20,2045,1125,131,10
dc1_220,60,20,2037,1139,123,8
dc1_220,60,20,2057,1137,143,4
dc1_220,60,20,2037,1120,123,2
dc1_220,60,20,2032,1125,118,3
dc1_220,60,20,2056,1147,142,5
dc1_220,60,20,2063,1154,149,6
dc1_220,60,20,2047,1137,133,1
dc1_220,60,20,2023,1117,109,7
dc1_220,60,20,2060,1160,146,9
squar5_261,60,20,2134,1148,141,8
squar5_261,60,20,2173,1201,180,3
squar5_261,60,20,2110,1148,117,6
squar5_261,60,20,2133,1147,140,9
squar5_261,60,20,2154,1189,161,10
squar5_261,60,20,2170,1209,177,4
squar5_261,60,20,2169,1192,176,2
squar5_261,60,20,2178,1211,185,1
squar5_261,60,20,2179,1200,186,7
squar5_261,60,20,2152,1197,159,5
sqrt8_260,60,20,3236,1838,227,2
sqrt8_260,60,20,3224,1832,215,1
sqrt8_260,60,20,3228,1819,219,6
sqrt8_260,60,20,3261,1852,252,8
sqrt8_260,60,20,3245,1847,236,10
sqrt8_260,60,20,3228,1831,219,5
sqrt8_260,60,20,3227,1833,218,3
sqrt8_260,60,20,3258,1859,249,4
sqrt8_260,60,20,3266,1869,257,7
sqrt8_260,60,20,3263,1844,254,9
z4_268,60,20,3297,1844,224,4
z4_268,60,20,3290,1823,217,2
z4_268,60,20,3286,1835,213,6
z4_268,60,20,3311,1842,238,8
z4_268,60,20,3301,1823,228,1
z4_268,60,20,3297,1850,224,9
z4_268,60,20,3307,1875,234,3
z4_268,60,20,3290,1836,217,7
z4_268,60,20,3320,1870,247,10
z4_268,60,20,3283,1783,210,5
radd_250,60,20,3486,2020,273,10
radd_250,60,20,3478,1978,265,4
radd_250,60,20,3470,1974,257,3
radd_250,60,20,3472,1968,259,8
radd_250,60,20,3467,1970,254,2
radd_250,60,20,3464,1964,251,7
radd_250,60,20,3486,1985,273,6
radd_250,60,20,3461,1984,248,1
radd_250,60,20,3471,1969,258,9
radd_250,60,20,3462,1984,249,5
adr4_197,60,20,3693,2052,254,4
adr4_197,60,20,3697,2046,258,1
adr4_197,60,20,3685,2060,246,2
adr4_197,60,20,3699,2063,260,6
adr4_197,60,20,3691,2029,252,3
adr4_197,60,20,3733,2073,294,10
adr4_197,60,20,3697,2046,258,7
adr4_197,60,20,3681,2064,242,9
adr4_197,60,20,3717,2110,278,5
adr4_197,60,20,3694,2052,255,8
sym6_145,60,20,4035,2302,147,10
sym6_145,60,20,4051,2307,163,6
sym6_145,60,20,4041,2309,153,4
sym6_145,60,20,4049,2309,161,8
sym6_145,60,20,4034,2297,146,1
sym6_145,60,20,4034,2299,146,7
sym6_145,60,20,4042,2307,154,3
sym6_145,60,20,4068,2338,180,9
sym6_145,60,20,4153,2410,265,5
sym6_145,60,20,4157,2427,269,2
misex1_241,60,20,5006,2793,193,10
misex1_241,60,20,5016,2827,203,9
misex1_241,60,20,5056,2845,243,2
misex1_241,60,20,5032,2809,219,1
misex1_241,60,20,5022,2811,209,5
misex1_241,60,20,5031,2831,218,3
misex1_241,60,20,5006,2810,193,4
misex1_241,60,20,5001,2807,188,8
misex1_241,60,20,5037,2824,224,6
misex1_241,60,20,5066,2870,253,7
rd73_252,60,20,5732,3222,411,2
rd73_252,60,20,5710,3180,389,8
rd73_252,60,20,5765,3222,444,6
rd73_252,60,20,5720,3217,399,10
rd73_252,60,20,5739,3212,418,4
rd73_252,60,20,5746,3216,425,5
rd73_252,60,20,5719,3185,398,9
rd73_252,60,20,5816,3286,495,1
rd73_252,60,20,5713,3212,392,3
rd73_252,60,20,5736,3235,415,7
cycle10_2_110,60,20,6547,3763,497,5
cycle10_2_110,60,20,6535,3791,485,3
cycle10_2_110,60,20,6532,3766,482,2
cycle10_2_110,60,20,6563,3764,513,1
cycle10_2_110,60,20,6549,3755,499,4
cycle10_2_110,60,20,6513,3723,463,7
cycle10_2_110,60,20,6608,3807,558,6
cycle10_2_110,60,20,6492,3719,442,8
cycle10_2_110,60,20,6525,3766,475,9
cycle10_2_110,60,20,6510,3738,460,10
hwb6_56,60,20,7136,4075,413,8
hwb6_56,60,20,7277,4212,554,10
hwb6_56,60,20,7174,4123,451,6
hwb6_56,60,20,7150,4104,427,4
hwb6_56,60,20,7137,4071,414,2
hwb6_56,60,20,7244,4190,521,7
hwb6_56,60,20,7156,4098,433,5
hwb6_56,60,20,7264,4183,541,3
hwb6_56,60,20,7146,4096,423,1
hwb6_56,60,20,7110,4061,387,9
square_root_7,60,20,8056,4103,426,8
square_root_7,60,20,7990,4065,360,6
square_root_7,60,20,8025,4061,395,9
square_root_7,60,20,8126,4179,496,2
square_root_7,60,20,8041,4127,411,4
square_root_7,60,20,8031,4074,401,5
square_root_7,60,20,8058,4133,428,10
square_root_7,60,20,8007,4096,377,1
square_root_7,60,20,8069,4105,439,3
square_root_7,60,20,8074,4106,444,7
ham15_107,60,20,9500,5469,737,2
ham15_107,60,20,9454,5410,691,6
ham15_107,60,20,9603,5559,840,8
ham15_107,60,20,9536,5488,773,10
ham15_107,60,20,9528,5478,765,9
ham15_107,60,20,9563,5498,800,1
ham15_107,60,20,9521,5476,758,4
ham15_107,60,20,9587,5540,824,3
ham15_107,60,20,9520,5457,757,5
ham15_107,60,20,9527,5475,764,7
dc2_222,60,20,10283,5995,821,1
dc2_222,60,20,10305,5959,843,8
dc2_222,60,20,10239,5916,777,10
dc2_222,60,20,10414,6060,952,2
dc2_222,60,20,10291,5962,829,3
dc2_222,60,20,10205,5869,743,6
dc2_222,60,20,10245,5898,783,9
dc2_222,60,20,10173,5815,711,5
dc2_222,60,20,10241,5837,779,7
dc2_222,60,20,10324,5915,862,4
sqn_258,60,100,10979,6074,756,6
sqn_258,60,100,10969,6132,746,4
sqn_258,60,100,10941,6070,718,10
sqn_258,60,100,10991,6165,768,8
sqn_258,60,100,10958,6062,735,2
sqn_258,60,100,10993,6098,770,1
sqn_258,60,100,10930,6036,707,9
sqn_258,60,100,10926,6035,703,3
sqn_258,60,100,11058,6142,835,5
sqn_258,60,100,11005,6068,782,7
inc_237,60,100,11318,6450,699,2
inc_237,60,100,11175,6309,556,1
inc_237,60,100,11312,6410,693,3
inc_237,60,100,11203,6340,584,4
inc_237,60,100,11178,6351,559,6
inc_237,60,100,11187,6333,568,8
inc_237,60,100,11159,6289,540,5
inc_237,60,100,11204,6327,585,7
inc_237,60,100,11140,6278,521,9
inc_237,60,100,11217,6320,598,10
cm85a_209,60,100,12205,6977,791,10
cm85a_209,60,100,12135,6961,721,7
cm85a_209,60,100,12287,7043,873,5
cm85a_209,60,100,12246,7015,832,3
cm85a_209,60,100,12220,7007,806,9
cm85a_209,60,100,12390,7127,976,1
cm85a_209,60,100,12280,7042,866,4
cm85a_209,60,100,12228,6985,814,8
cm85a_209,60,100,12186,6935,772,2
cm85a_209,60,100,12159,6869,745,6
rd84_253,60,100,14804,8182,1146,6
rd84_253,60,100,14820,8274,1162,4
rd84_253,60,100,14808,8250,1150,2
rd84_253,60,100,14828,8236,1170,1
rd84_253,60,100,14836,8284,1178,3
rd84_253,60,100,14816,8217,1158,5
rd84_253,60,100,14894,8278,1236,10
rd84_253,60,100,14868,8303,1210,7
rd84_253,60,100,14745,8230,1087,9
rd84_253,60,100,14825,8226,1167,8
root_255,60,100,18515,10032,1356,9
root_255,60,100,18481,9995,1322,5
root_255,60,100,18451,10047,1292,2
root_255,60,100,18652,10178,1493,4
root_255,60,100,18604,10173,1445,7
root_255,60,100,18580,10099,1421,8
root_255,60,100,18484,9994,1325,10
root_255,60,100,18508,10050,1349,3
root_255,60,100,18621,10088,1462,6
root_255,60,100,18557,10031,1398,1
co14_215,60,100,19611,10248,1675,5
co14_215,60,100,19729,10281,1793,3
co14_215,60,100,19739,10281,1803,2
co14_215,60,100,19654,10195,1718,6
co14_215,60,100,19567,10139,1631,8
co14_215,60,100,19426,10274,1490,1
co14_215,60,100,19447,10096,1511,10
co14_215,60,100,19755,10371,1819,7
co14_215,60,100,19458,10248,1522,4
co14_215,60,100,19651,10305,1715,9
mlp4_245,60,100,20152,11382,1300,2
mlp4_245,60,100,20173,11381,1321,9
mlp4_245,60,100,20247,11432,1395,4
mlp4_245,60,100,20239,11467,1387,6
mlp4_245,60,100,20065,11337,1213,7
mlp4_245,60,100,20082,11306,1230,1
mlp4_245,60,100,20235,11523,1383,3
mlp4_245,60,100,20060,11361,1208,5
mlp4_245,60,100,20218,11406,1366,8
mlp4_245,60,100,20178,11442,1326,10
urf2_277,60,150,22447,13327,2335,4
urf2_277,60,150,22542,13401,2430,7
urf2_277,60,150,22336,13289,2224,6
urf2_277,60,150,22343,13345,2231,9
urf2_277,60,150,22591,13339,2479,2
urf2_277,60,150,22227,13286,2115,3
urf2_277,60,150,22496,13324,2384,8
urf2_277,60,150,22452,13356,2340,1
urf2_277,60,150,22554,13421,2442,5
urf2_277,60,150,22473,13296,2361,10
sym9_148,60,150,22445,12780,941,6
sym9_148,60,150,22433,12741,929,5
sym9_148,60,150,22548,12838,1044,10
sym9_148,60,150,22440,12788,936,2
sym9_148,60,150,22476,12825,972,4
sym9_148,60,150,22387,12706,883,8
sym9_148,60,150,22659,12983,1155,3
sym9_148,60,150,22582,12869,1078,9
sym9_148,60,150,22447,12727,943,7
sym9_148,60,150,22522,12810,1018,1
life_238,60,150,24081,13821,1636,6
life_238,60,150,24433,14069,1988,10
life_238,60,150,24201,13957,1756,3
life_238,60,150,24161,13893,1716,9
life_238,60,150,24041,13756,1596,7
life_238,60,150,24246,13978,1801,5
life_238,60,150,24174,13849,1729,2
life_238,60,150,24294,13934,1849,1
life_238,60,150,24111,13748,1666,4
life_238,60,150,24237,13921,1792,8
hwb7_59,60,150,25760,14605,1381,6
hwb7_59,60,150,25761,14604,1382,7
hwb7_59,60,150,26309,15009,1930,8
hwb7_59,60,150,25717,14517,1338,4
hwb7_59,60,150,26345,15044,1966,9
hwb7_59,60,150,25711,14563,1332,10
hwb7_59,60,150,25738,14620,1359,2
hwb7_59,60,150,26311,15007,1932,1
hwb7_59,60,150,25705,14531,1326,5
hwb7_59,60,150,26404,15095,2025,3
max46_240,60,150,29245,16227,2119,5
max46_240,60,150,29214,16126,2088,4
max46_240,60,150,29029,15892,1903,7
max46_240,60,150,29131,16054,2005,2
max46_240,60,150,29218,16126,2092,3
max46_240,60,150,29122,15972,1996,8
max46_240,60,150,29420,16243,2294,1
max46_240,60,150,29372,16369,2246,6
max46_240,60,150,29095,15984,1969,9
max46_240,60,150,29207,16156,2081,10
clip_206,60,150,36732,20298,2905,6
clip_206,60,150,36712,20426,2885,9
clip_206,60,150,36364,20140,2537,2
clip_206,60,150,36570,20305,2743,4
clip_206,60,150,36497,20251,2670,1
clip_206,60,150,36806,20524,2979,5
clip_206,60,150,36582,20252,2755,3
clip_206,60,150,36578,20335,2751,10
clip_206,60,150,36727,20518,2900,7
clip_206,60,150,36330,20027,2503,8
9symml_195,60,150,37966,21625,3085,4
9symml_195,60,150,38100,21787,3219,3
9symml_195,60,150,37781,21523,2900,6
9symml_195,60,150,37738,21537,2857,2
9symml_195,60,150,38405,22023,3524,9
9symml_195,60,150,38026,21788,3145,10
9symml_195,60,150,37704,21626,2823,7
9symml_195,60,150,38186,21926,3305,8
9symml_195,60,150,37781,21594,2900,5
9symml_195,60,150,38045,21840,3164,1
sym9_193,60,150,38312,21997,3431,3
sym9_193,60,150,37827,21675,2946,2
sym9_193,60,150,37765,21630,2884,10
sym9_193,60,150,37723,21569,2842,7
sym9_193,60,150,37570,21503,2689,8
sym9_193,60,150,38198,21884,3317,4
sym9_193,60,150,37961,21772,3080,6
sym9_193,60,150,38017,21826,3136,9
sym9_193,60,150,38049,21675,3168,5
sym9_193,60,150,38243,21910,3362,1
dist_223,60,150,41462,22822,3416,5
dist_223,60,150,41735,23301,3689,2
dist_223,60,150,41524,22925,3478,8
dist_223,60,150,41560,23157,3514,9
dist_223,60,150,41456,22833,3410,4
dist_223,60,150,41697,23003,3651,6
dist_223,60,150,41639,23041,3593,10
dist_223,60,150,41549,23115,3503,1
dist_223,60,150,41547,23009,3501,3
dist_223,60,150,41636,22975,3590,7
sao2_257,60,150,41708,22540,3131,6
sao2_257,60,150,42309,22902,3732,1
sao2_257,60,150,42273,23118,3696,2
sao2_257,60,150,41923,22684,3346,4
sao2_257,60,150,42036,22890,3459,8
sao2_257,60,150,41770,22572,3193,10
sao2_257,60,150,41782,22401,3205,9
sao2_257,60,150,41947,22809,3370,5
sao2_257,60,150,41487,22358,2910,7
sao2_257,60,150,41756,22454,3179,3
urf5_280,60,150,56069,33045,6240,5
urf5_280,60,150,56225,33211,6396,1
urf5_280,60,150,56182,33182,6353,4
urf5_280,60,150,56208,33155,6379,8
urf5_280,60,150,55805,32797,5976,2
urf5_280,60,150,55773,32775,5944,9
urf5_280,60,150,55999,32946,6170,3
urf5_280,60,150,56116,33077,6287,6
urf5_280,60,150,55877,32859,6048,7
urf5_280,60,150,56011,32983,6182,10
urf1_278,60,150,62359,37141,7593,1
urf1_278,60,150,62280,36987,7514,6
urf1_278,60,150,62351,37130,7585,5
urf1_278,60,150,62070,36957,7304,9
urf1_278,60,150,62381,37199,7615,3
urf1_278,60,150,62516,37315,7750,4
urf1_278,60,150,62444,37157,7678,10
urf1_278,60,150,62311,37023,7545,2
urf1_278,60,150,62268,37051,7502,8
urf1_278,60,150,62338,37070,7572,7
sym10_262,60,150,72603,42344,8320,1
sym10_262,60,150,73023,42641,8740,7
sym10_262,60,150,72481,42284,8198,4
sym10_262,60,150,72997,42727,8714,3
sym10_262,60,150,72263,42184,7980,6
sym10_262,60,150,72684,42499,8401,5
sym10_262,60,150,72596,42332,8313,2
sym10_262,60,150,72304,42184,8021,8
sym10_262,60,150,72783,42599,8500,9
sym10_262,60,150,71884,41952,7601,10
hwb8_113,60,150,77901,45955,8521,3
hwb8_113,60,150,77808,45784,8428,4
hwb8_113,60,150,77857,45912,8477,2
hwb8_113,60,150,77865,45909,8485,5
hwb8_113,60,150,77804,45834,8424,1
hwb8_113,60,150,77837,45643,8457,9
hwb8_113,60,150,77742,45830,8362,6
hwb8_113,60,150,78077,45985,8697,10
hwb8_113,60,150,77869,45986,8489,7
hwb8_113,60,150,77874,45954,8494,8
urf2_152,60,150,91147,53473,10667,10
urf2_152,60,150,91160,53532,10680,7
urf2_152,60,150,91061,53388,10581,5
urf2_152,60,150,91198,53484,10718,3
urf2_152,60,150,91212,53532,10732,4
urf2_152,60,150,90832,53225,10352,6
urf2_152,60,150,91007,53257,10527,1
urf2_152,60,150,91142,53439,10662,8
urf2_152,60,150,90878,53180,10398,9
urf2_152,60,150,91248,53271,10768,2
