instance_name,timeout,num_chunks,gate_out,depth_out,num_swaps,seed,method_is,objfun
ising_model_10,10,1,490,71,10,1,default,depth
ising_model_10,10,1,490,71,10,2,default,depth
ising_model_10,10,1,490,71,10,3,default,depth
ising_model_10,10,1,490,71,10,4,default,depth
ising_model_10,10,1,490,71,10,5,default,depth
ising_model_10,10,1,490,71,10,6,default,depth
ising_model_10,10,1,490,71,10,7,default,depth
ising_model_10,10,1,490,71,10,8,default,depth
ising_model_10,10,1,490,71,10,9,default,depth
ising_model_10,10,1,490,71,10,10,default,depth
ising_model_10,10,1,490,71,10,11,default,depth
ising_model_10,10,1,490,71,10,12,default,depth
ising_model_10,10,1,490,71,10,13,default,depth
ising_model_10,10,1,490,71,10,14,default,depth
ising_model_10,10,1,490,71,10,15,default,depth
ising_model_10,10,2,490,72,10,1,default,depth
ising_model_10,10,2,490,73,10,2,default,depth
ising_model_10,10,2,490,73,10,3,default,depth
ising_model_10,10,2,490,72,10,4,default,depth
ising_model_10,10,2,490,72,10,5,default,depth
ising_model_10,10,2,490,72,10,6,default,depth
ising_model_10,10,2,490,72,10,7,default,depth
ising_model_10,10,2,490,72,10,8,default,depth
ising_model_10,10,2,490,72,10,9,default,depth
ising_model_10,10,2,490,72,10,10,default,depth
ising_model_10,10,2,494,73,14,11,default,depth
ising_model_10,10,2,490,72,10,12,default,depth
ising_model_10,10,2,490,72,10,13,default,depth
ising_model_10,10,2,490,73,10,14,default,depth
ising_model_10,10,2,490,72,10,15,default,depth
ising_model_10,10,4,494,74,14,1,default,depth
ising_model_10,10,4,494,74,14,2,default,depth
ising_model_10,10,4,490,72,10,3,default,depth
ising_model_10,10,4,494,74,14,4,default,depth
ising_model_10,10,4,490,72,10,5,default,depth
ising_model_10,10,4,490,72,10,6,default,depth
ising_model_10,10,4,494,74,14,7,default,depth
ising_model_10,10,4,494,74,14,8,default,depth
ising_model_10,10,4,494,74,14,9,default,depth
ising_model_10,10,4,490,72,10,10,default,depth
ising_model_10,10,4,490,72,10,11,default,depth
ising_model_10,10,4,490,72,10,12,default,depth
ising_model_10,10,4,490,72,10,13,default,depth
ising_model_10,10,4,490,72,10,14,default,depth
ising_model_10,10,4,490,72,10,15,default,depth
ising_model_10,10,5,490,73,10,1,default,depth
ising_model_10,10,5,488,73,8,2,default,depth
ising_model_10,10,5,490,73,10,3,default,depth
ising_model_10,10,5,490,73,10,4,default,depth
ising_model_10,10,5,490,73,10,5,default,depth
ising_model_10,10,5,488,73,8,6,default,depth
ising_model_10,10,5,488,73,8,7,default,depth
ising_model_10,10,5,490,73,10,8,default,depth
ising_model_10,10,5,490,73,10,9,default,depth
ising_model_10,10,5,488,73,8,10,default,depth
ising_model_10,10,5,490,73,10,11,default,depth
ising_model_10,10,5,490,73,10,12,default,depth
ising_model_10,10,5,490,73,10,13,default,depth
ising_model_10,10,5,490,73,10,14,default,depth
ising_model_10,10,5,490,73,10,15,default,depth
ising_model_10,10,10,488,76,8,1,default,depth
ising_model_10,10,10,489,77,9,2,default,depth
ising_model_10,10,10,509,87,29,3,default,depth
ising_model_10,10,10,503,83,23,4,default,depth
ising_model_10,10,10,488,77,8,5,default,depth
ising_model_10,10,10,501,84,21,6,default,depth
ising_model_10,10,10,499,87,19,7,default,depth
ising_model_10,10,10,498,82,18,8,default,depth
ising_model_10,10,10,499,87,19,9,default,depth
ising_model_10,10,10,490,77,10,10,default,depth
ising_model_10,10,10,486,74,6,11,default,depth
ising_model_10,10,10,498,82,18,12,default,depth
ising_model_10,10,10,489,77,9,13,default,depth
ising_model_10,10,10,506,86,26,14,default,depth
ising_model_10,10,10,496,79,16,15,default,depth
ising_model_10,10,20,501,85,21,1,default,depth
ising_model_10,10,20,491,77,11,2,default,depth
ising_model_10,10,20,503,92,23,3,default,depth
ising_model_10,10,20,506,88,26,4,default,depth
ising_model_10,10,20,503,92,23,5,default,depth
ising_model_10,10,20,490,78,10,6,default,depth
ising_model_10,10,20,497,82,17,7,default,depth
ising_model_10,10,20,488,75,8,8,default,depth
ising_model_10,10,20,487,75,7,9,default,depth
ising_model_10,10,20,505,92,25,10,default,depth
ising_model_10,10,20,504,89,24,11,default,depth
ising_model_10,10,20,490,77,10,12,default,depth
ising_model_10,10,20,498,82,18,13,default,depth
ising_model_10,10,20,500,87,20,14,default,depth
ising_model_10,10,20,503,92,23,15,default,depth
ising_model_10,10,50,504,89,24,1,default,depth
ising_model_10,10,50,503,89,23,2,default,depth
ising_model_10,10,50,491,79,11,3,default,depth
ising_model_10,10,50,505,90,25,4,default,depth
ising_model_10,10,50,500,88,20,5,default,depth
ising_model_10,10,50,502,89,22,6,default,depth
ising_model_10,10,50,507,91,27,7,default,depth
ising_model_10,10,50,504,92,24,8,default,depth
ising_model_10,10,50,501,93,21,9,default,depth
ising_model_10,10,50,496,86,16,10,default,depth
ising_model_10,10,50,503,89,23,11,default,depth
ising_model_10,10,50,500,87,20,12,default,depth
ising_model_10,10,50,507,91,27,13,default,depth
ising_model_10,10,50,502,89,22,14,default,depth
ising_model_10,10,50,503,90,23,15,default,depth
ising_model_10,10,75,490,71,10,1,default,depth
ising_model_10,10,75,490,71,10,2,default,depth
ising_model_10,10,75,490,71,10,3,default,depth
ising_model_10,10,75,490,71,10,4,default,depth
ising_model_10,10,75,490,71,10,5,default,depth
ising_model_10,10,75,490,71,10,6,default,depth
ising_model_10,10,75,490,71,10,7,default,depth
ising_model_10,10,75,490,71,10,8,default,depth
ising_model_10,10,75,490,71,10,9,default,depth
ising_model_10,10,75,490,71,10,10,default,depth
ising_model_10,10,75,490,71,10,11,default,depth
ising_model_10,10,75,490,71,10,12,default,depth
ising_model_10,10,75,490,71,10,13,default,depth
ising_model_10,10,75,490,71,10,14,default,depth
ising_model_10,10,75,490,71,10,15,default,depth
ising_model_10,10,100,490,71,10,1,default,depth
ising_model_10,10,100,490,71,10,2,default,depth
ising_model_10,10,100,490,71,10,3,default,depth
ising_model_10,10,100,490,71,10,4,default,depth
ising_model_10,10,100,490,71,10,5,default,depth
ising_model_10,10,100,490,71,10,6,default,depth
ising_model_10,10,100,490,71,10,7,default,depth
ising_model_10,10,100,490,71,10,8,default,depth
ising_model_10,10,100,490,71,10,9,default,depth
ising_model_10,10,100,490,71,10,10,default,depth
ising_model_10,10,100,490,71,10,11,default,depth
ising_model_10,10,100,490,71,10,12,default,depth
ising_model_10,10,100,490,71,10,13,default,depth
ising_model_10,10,100,490,71,10,14,default,depth
ising_model_10,10,100,490,71,10,15,default,depth
ising_model_10,10,200,490,71,10,1,default,depth
ising_model_10,10,200,490,71,10,2,default,depth
ising_model_10,10,200,490,71,10,3,default,depth
ising_model_10,10,200,490,71,10,4,default,depth
ising_model_10,10,200,490,71,10,5,default,depth
ising_model_10,10,200,490,71,10,6,default,depth
ising_model_10,10,200,490,71,10,7,default,depth
ising_model_10,10,200,490,71,10,8,default,depth
ising_model_10,10,200,490,71,10,9,default,depth
ising_model_10,10,200,490,71,10,10,default,depth
ising_model_10,10,200,490,71,10,11,default,depth
ising_model_10,10,200,490,71,10,12,default,depth
ising_model_10,10,200,490,71,10,13,default,depth
ising_model_10,10,200,490,71,10,14,default,depth
ising_model_10,10,200,490,71,10,15,default,depth
ising_model_10,10,250,490,71,10,1,default,depth
ising_model_10,10,250,490,71,10,2,default,depth
ising_model_10,10,250,490,71,10,3,default,depth
ising_model_10,10,250,490,71,10,4,default,depth
ising_model_10,10,250,490,71,10,5,default,depth
ising_model_10,10,250,490,71,10,6,default,depth
ising_model_10,10,250,490,71,10,7,default,depth
ising_model_10,10,250,490,71,10,8,default,depth
ising_model_10,10,250,490,71,10,9,default,depth
ising_model_10,10,250,490,71,10,10,default,depth
ising_model_10,10,250,490,71,10,11,default,depth
ising_model_10,10,250,490,71,10,12,default,depth
ising_model_10,10,250,490,71,10,13,default,depth
ising_model_10,10,250,490,71,10,14,default,depth
ising_model_10,10,250,490,71,10,15,default,depth
ising_model_10,10,500,490,71,10,1,default,depth
ising_model_10,10,500,490,71,10,2,default,depth
ising_model_10,10,500,490,71,10,3,default,depth
ising_model_10,10,500,490,71,10,4,default,depth
ising_model_10,10,500,490,71,10,5,default,depth
ising_model_10,10,500,490,71,10,6,default,depth
ising_model_10,10,500,490,71,10,7,default,depth
ising_model_10,10,500,490,71,10,8,default,depth
ising_model_10,10,500,490,71,10,9,default,depth
ising_model_10,10,500,490,71,10,10,default,depth
ising_model_10,10,500,490,71,10,11,default,depth
ising_model_10,10,500,490,71,10,12,default,depth
ising_model_10,10,500,490,71,10,13,default,depth
ising_model_10,10,500,490,71,10,14,default,depth
ising_model_10,10,500,490,71,10,15,default,depth
ising_model_10,10,750,490,71,10,1,default,depth
ising_model_10,10,750,490,71,10,2,default,depth
ising_model_10,10,750,490,71,10,3,default,depth
ising_model_10,10,750,490,71,10,4,default,depth
ising_model_10,10,750,490,71,10,5,default,depth
ising_model_10,10,750,490,71,10,6,default,depth
ising_model_10,10,750,490,71,10,7,default,depth
ising_model_10,10,750,490,71,10,8,default,depth
ising_model_10,10,750,490,71,10,9,default,depth
ising_model_10,10,750,490,71,10,10,default,depth
ising_model_10,10,750,490,71,10,11,default,depth
ising_model_10,10,750,490,71,10,12,default,depth
ising_model_10,10,750,490,71,10,13,default,depth
ising_model_10,10,750,490,71,10,14,default,depth
ising_model_10,10,750,490,71,10,15,default,depth
ising_model_10,10,1000,490,71,10,1,default,depth
ising_model_10,10,1000,490,71,10,2,default,depth
ising_model_10,10,1000,490,71,10,3,default,depth
ising_model_10,10,1000,490,71,10,4,default,depth
ising_model_10,10,1000,490,71,10,5,default,depth
ising_model_10,10,1000,490,71,10,6,default,depth
ising_model_10,10,1000,490,71,10,7,default,depth
ising_model_10,10,1000,490,71,10,8,default,depth
ising_model_10,10,1000,490,71,10,9,default,depth
ising_model_10,10,1000,490,71,10,10,default,depth
ising_model_10,10,1000,490,71,10,11,default,depth
ising_model_10,10,1000,490,71,10,12,default,depth
ising_model_10,10,1000,490,71,10,13,default,depth
ising_model_10,10,1000,490,71,10,14,default,depth
ising_model_10,10,1000,490,71,10,15,default,depth
